date,max_temp,min_temp,max_humidity,min_humidity,max_pressure,min_pressure,max_wind,min_wind,max_gust,precipitation,cloud_pct,thunderstorm,snow,rain,fog
2013-12-21,74,45,93,57,29.86,29.59,20,4,31,0.46000000834465027,75.0,1,0,1,0
2013-12-22,56,39,93,43,30.41,29.87,16,6,25,0.0,25.0,0,0,0,0
2013-12-23,58,32,76,27,30.56,30.41,8,3,12,0.0,0.0,0,0,0,0
2013-12-24,61,31,89,22,30.56,30.3,12,4,20,0.0,0.0,0,0,0,0
2013-12-25,58,41,86,56,30.41,30.27,10,2,16,0.009999999776482582,87.5,0,0,0,0
2013-12-26,57,39,79,47,30.47,30.34,12,3,17,0.0,50.0,0,0,0,0
2013-12-27,60,45,83,47,30.46,30.34,7,1,11,0.009999999776482582,75.0,0,0,0,0
2013-12-28,62,40,92,36,30.33,30.04,10,2,14,0.009999999776482582,37.5,0,0,0,0
2013-12-29,64,36,92,60,30.31,29.99,17,5,24,0.0,75.0,0,0,0,0
2013-12-30,44,35,75,45,30.44,30.26,13,5,21,0.0,50.0,0,0,0,0
2013-12-31,55,36,76,32,30.49,30.27,8,1,12,0.0,0.0,0,0,0,0
2014-01-01,69,39,83,52,30.25,30.01,13,4,22,0.0,37.5,0,0,0,0
2014-01-02,55,33,83,26,30.49,30.15,21,8,31,0.0,12.5,0,0,0,0
2014-01-03,58,28,75,22,30.48,30.14,14,4,21,0.0,0.0,0,0,0,0
2014-01-04,71,42,89,47,30.12,29.81,16,7,28,0.0,25.0,0,0,0,0
2014-01-05,59,34,87,31,30.48,29.79,21,10,34,0.0,25.0,0,0,0,0
2014-01-06,36,22,50,26,30.8,30.5,17,7,27,0.0,0.0,0,0,0,0
2014-01-07,48,22,68,17,30.66,30.36,13,5,22,0.0,50.0,0,0,0,0
2014-01-08,53,40,93,57,30.33,30.12,12,1,18,0.1599999964237213,100.0,0,0,1,0
2014-01-09,70,53,93,66,30.18,30.0,12,3,19,0.0,100.0,0,0,0,1
2014-01-10,72,57,93,68,29.97,29.75,13,6,21,0.10000000149011612,75.0,0,0,1,0
2014-01-11,75,48,93,13,30.16,29.87,12,3,19,0.0,12.5,0,0,0,0
2014-01-12,67,46,84,52,30.12,29.9,15,4,24,0.009999999776482582,37.5,0,0,1,0
2014-01-13,71,43,87,14,30.16,29.86,17,7,29,0.0,25.0,0,0,0,0
2014-01-14,76,37,70,12,30.34,30.01,16,5,29,0.0,0.0,0,0,0,0
2014-01-15,64,40,49,21,30.47,30.17,14,4,21,0.0,0.0,0,0,0,0
2014-01-16,72,40,55,20,30.21,30.06,14,4,20,0.0,0.0,0,0,0,0
2014-01-17,64,43,45,17,30.37,30.21,14,5,21,0.0,0.0,0,0,0,0
2014-01-18,70,37,59,31,30.26,30.1,12,2,19,0.0,0.0,0,0,0,0
2014-01-19,72,45,64,14,30.35,30.12,9,3,16,0.0,0.0,0,0,0,0
2014-01-20,82,46,71,17,30.16,29.85,16,5,26,0.0,0.0,0,0,0,0
2014-01-21,63,38,59,19,30.43,30.19,15,6,25,0.0,0.0,0,0,0,0
2014-01-22,70,37,70,19,30.23,30.01,12,4,18,0.0,0.0,0,0,0,0
2014-01-23,56,27,78,50,30.73,30.06,20,9,31,0.05999999865889549,87.5,0,1,1,0
2014-01-24,40,26,81,39,30.76,30.4,16,5,24,0.05000000074505806,75.0,0,0,0,0
2014-01-25,70,26,85,20,30.38,30.02,8,1,14,0.0,0.0,0,0,0,0
2014-01-26,76,43,76,27,30.0,29.69,12,3,20,0.0,12.5,0,0,0,0
2014-01-27,60,34,66,21,30.28,29.81,21,9,32,0.019999999552965164,25.0,0,0,1,0
2014-01-28,39,27,69,27,30.51,30.27,15,6,23,0.05000000074505806,50.0,0,0,1,0
2014-01-29,49,27,63,21,30.52,30.29,15,5,23,0.0,0.0,0,0,0,0
2014-01-30,65,31,80,48,30.26,29.9,15,7,27,0.0,62.5,0,0,0,0
2014-01-31,80,55,86,42,29.96,29.79,14,9,25,0.0,62.5,0,0,0,0
2014-02-01,76,55,81,60,29.91,29.75,14,6,26,0.009999999776482582,100.0,0,0,1,0
2014-02-02,55,35,79,59,30.27,29.9,18,11,29,0.019999999552965164,100.0,0,0,1,0
2014-02-03,46,34,82,65,30.28,29.98,13,6,17,0.0,100.0,0,0,0,0
2014-02-04,64,42,89,46,30.11,29.87,10,2,18,0.15000000596046448,75.0,0,0,1,0
2014-02-05,48,31,80,39,30.5,30.13,16,10,24,0.0,37.5,0,0,0,0
2014-02-06,32,26,58,49,30.57,30.42,15,8,23,0.0,100.0,0,0,0,0
2014-02-07,38,29,78,58,30.41,30.24,8,3,12,0.0,100.0,0,0,0,0
2014-02-08,65,37,85,40,30.26,30.03,14,5,21,0.0,50.0,0,0,0,0
2014-02-09,76,41,96,44,30.12,29.93,13,4,20,0.0,37.5,0,0,0,1
2014-02-10,60,35,82,66,30.23,30.02,15,9,23,0.009999999776482582,100.0,0,0,1,0
2014-02-11,36,33,89,70,30.3,30.19,15,9,23,0.10000000149011612,100.0,0,0,1,0
2014-02-12,57,33,75,38,30.27,30.08,14,5,22,0.0,37.5,0,0,0,0
2014-02-13,69,32,85,30,30.11,29.93,10,4,19,0.0,0.0,0,0,0,0
2014-02-14,86,47,86,15,30.08,29.85,18,6,30,0.0,0.0,0,0,0,0
2014-02-15,76,42,64,22,30.17,30.01,15,5,23,0.0,12.5,0,0,0,0
2014-02-16,76,59,90,57,30.08,29.94,13,5,23,0.0,75.0,0,0,0,1
2014-02-17,81,58,87,17,30.12,29.92,15,5,23,0.0,62.5,0,0,0,0
2014-02-18,82,55,78,32,30.1,29.89,13,4,20,0.0,62.5,0,0,0,0
2014-02-19,82,63,93,47,29.93,29.72,15,7,25,0.0,75.0,0,0,0,0
2014-02-20,83,57,81,15,30.09,29.71,16,8,28,0.0,62.5,0,0,0,0
2014-02-21,72,41,67,19,30.21,30.03,14,5,20,0.0,0.0,0,0,0,0
2014-02-22,77,48,73,32,30.05,29.87,14,6,22,0.0,25.0,0,0,0,0
2014-02-23,86,62,84,29,30.05,29.88,15,4,24,0.0,50.0,0,0,0,0
2014-02-24,76,55,81,49,30.1,29.99,12,4,18,0.0,50.0,0,0,0,0
2014-02-25,71,52,93,77,30.06,29.95,12,5,20,0.009999999776482582,100.0,0,0,1,0
2014-02-26,52,36,83,43,30.26,30.06,20,8,29,0.10999999940395355,75.0,0,0,1,0
2014-02-27,59,31,82,29,30.22,29.94,12,3,17,0.0,0.0,0,0,0,0
2014-02-28,80,44,83,37,29.92,29.75,13,6,21,0.0,12.5,0,0,0,0
2014-03-01,82,53,93,54,30.02,29.87,16,5,27,0.0,62.5,0,0,0,1
2014-03-02,73,28,89,69,30.31,29.88,20,10,37,0.07999999821186066,100.0,0,0,1,0
2014-03-03,47,24,75,37,30.44,30.25,18,10,29,0.07999999821186066,62.5,1,0,1,0
2014-03-04,50,30,92,52,30.31,30.06,9,4,13,0.17000000178813934,87.5,0,0,1,0
2014-03-05,53,38,86,66,30.18,29.99,13,3,16,0.0,75.0,0,0,0,0
2014-03-06,65,43,89,34,30.28,30.08,13,4,20,0.0,25.0,0,0,0,0
2014-03-07,67,39,86,44,30.1,29.88,16,6,22,0.0,0.0,0,0,0,0
2014-03-08,59,44,93,83,30.3,29.9,14,4,21,0.7400000095367432,100.0,1,0,1,0
2014-03-09,58,39,86,55,30.37,30.22,15,5,23,0.10999999940395355,87.5,0,0,1,0
2014-03-10,71,50,84,53,30.25,29.94,12,3,17,0.009999999776482582,87.5,0,0,1,0
2014-03-11,83,56,93,39,29.93,29.58,14,5,22,0.0,50.0,0,0,0,0
2014-03-12,70,49,56,16,30.3,29.73,24,11,37,0.0,0.0,0,0,0,0
2014-03-13,68,37,68,21,30.37,30.12,9,4,18,0.0,0.0,0,0,0,0
2014-03-14,75,49,86,49,30.11,29.95,13,5,24,0.0,75.0,0,0,0,0
2014-03-15,74,62,93,68,29.97,29.68,12,4,17,0.07000000029802322,87.5,0,0,1,1
2014-03-16,64,48,93,39,30.07,29.7,24,11,36,0.0,50.0,0,0,0,0
2014-03-17,68,41,53,18,30.06,29.78,16,6,26,0.0,12.5,0,0,0,0
2014-03-18,83,47,73,24,29.83,29.67,18,8,26,0.0,0.0,0,0,0,0
2014-03-19,72,51,80,24,30.21,29.88,15,6,26,0.0,25.0,0,0,0,0
2014-03-20,76,42,82,21,30.25,30.04,10,2,15,0.0,0.0,0,0,0,0
2014-03-21,80,54,93,45,30.03,29.83,17,7,27,0.0,50.0,0,0,0,1
2014-03-22,77,61,100,60,30.02,29.88,12,4,17,0.0,75.0,0,0,0,0
2014-03-23,61,47,72,51,30.27,30.05,17,9,30,0.0,100.0,0,0,0,0
2014-03-24,66,50,72,44,30.24,30.03,10,3,15,0.0,75.0,0,0,0,0
2014-03-25,69,44,93,28,30.35,30.14,15,5,22,0.0,0.0,0,0,0,0
2014-03-26,66,54,78,36,30.2,29.95,22,10,33,0.009999999776482582,87.5,0,0,1,0
2014-03-27,82,61,100,55,29.95,29.73,16,8,26,0.009999999776482582,75.0,0,0,1,0
2014-03-28,89,63,90,37,30.0,29.7,18,5,27,0.0,62.5,1,0,0,0
2014-03-29,77,51,68,18,30.28,30.04,13,5,21,0.0,0.0,0,0,0,0
2014-03-30,79,45,83,29,30.22,30.01,20,8,30,0.0,12.5,0,0,0,0
2014-03-31,85,60,90,40,30.01,29.83,16,9,27,0.0,62.5,0,0,0,0
2014-04-01,86,66,93,48,29.99,29.82,17,8,28,0.0,75.0,0,0,0,0
2014-04-02,82,70,97,58,29.9,29.69,16,9,30,0.009999999776482582,100.0,0,0,1,0
2014-04-03,82,71,90,58,29.81,29.66,14,7,25,0.009999999776482582,75.0,0,0,0,0
2014-04-04,74,54,93,22,30.14,29.82,17,8,28,0.009999999776482582,25.0,0,0,1,0
2014-04-05,65,54,60,36,30.08,29.88,10,4,17,0.009999999776482582,50.0,0,0,0,0
2014-04-06,61,52,96,55,29.89,29.75,12,5,19,0.20000000298023224,100.0,1,0,1,0
2014-04-07,72,52,93,44,30.05,29.83,25,3,57,0.27000001072883606,62.5,1,0,1,0
2014-04-08,77,50,96,18,30.2,30.05,22,8,37,0.0,0.0,0,0,0,0
2014-04-09,84,45,77,24,30.27,30.06,13,6,22,0.0,0.0,0,0,0,0
2014-04-10,87,57,90,27,30.11,29.91,17,10,31,0.0,25.0,0,0,0,0
2014-04-11,85,61,90,40,30.04,29.88,16,8,25,0.0,37.5,0,0,0,0
2014-04-12,85,65,87,44,29.99,29.8,20,10,30,0.0,75.0,0,0,0,0
2014-04-13,78,68,90,67,29.85,29.62,18,7,29,0.009999999776482582,87.5,0,0,0,0
2014-04-14,73,43,90,39,30.27,29.67,22,10,38,1.340000033378601,75.0,1,0,1,1
2014-04-15,65,39,59,19,30.38,30.15,12,4,17,0.0,0.0,0,0,0,0
2014-04-16,73,40,76,35,30.15,29.95,16,7,26,0.0,0.0,0,0,0,0
2014-04-17,67,56,97,72,30.17,29.99,10,4,15,0.05999999865889549,100.0,0,0,1,0
2014-04-18,78,59,93,43,30.23,30.09,9,2,16,0.009999999776482582,75.0,0,0,1,0
2014-04-19,78,54,93,43,30.18,30.05,13,5,19,0.0,25.0,0,0,0,0
2014-04-20,75,61,97,57,30.15,30.02,12,6,19,0.0,87.5,0,0,0,0
2014-04-21,84,64,93,51,30.07,29.9,14,5,25,0.009999999776482582,75.0,1,0,1,0
2014-04-22,87,63,87,35,30.03,29.9,12,3,20,0.0,0.0,0,0,0,0
2014-04-23,87,59,90,46,29.93,29.75,17,7,29,0.0,25.0,0,0,0,0
2014-04-24,88,67,87,38,29.91,29.76,16,5,26,0.0,62.5,0,0,0,0
2014-04-25,88,63,68,34,30.01,29.84,12,6,20,0.0,0.0,0,0,0,0
2014-04-26,86,68,90,55,29.87,29.64,16,8,28,0.009999999776482582,87.5,0,0,1,0
2014-04-27,96,73,87,15,29.63,29.44,14,6,24,0.0,62.5,0,0,0,0
2014-04-28,93,66,67,10,29.7,29.55,14,4,22,0.0,25.0,0,0,0,0
2014-04-29,84,60,60,11,29.96,29.6,17,7,28,0.0,12.5,0,0,0,0
2014-04-30,75,57,42,21,30.17,29.98,16,6,28,0.0,25.0,0,0,0,0
2014-05-01,77,52,63,15,30.19,30.01,10,3,18,0.0,0.0,0,0,0,0
2014-05-02,83,56,51,14,30.09,29.94,9,3,17,0.0,0.0,0,0,0,0
2014-05-03,94,58,44,10,30.06,29.95,13,4,20,0.0,0.0,0,0,0,0
2014-05-04,91,61,37,16,30.09,29.94,14,7,23,0.0,0.0,0,0,0,0
2014-05-05,92,60,90,32,30.01,29.79,16,8,27,0.0,0.0,0,0,0,0
2014-05-06,87,65,87,45,29.87,29.72,17,9,29,0.0,62.5,0,0,0,0
2014-05-07,88,70,84,46,29.88,29.75,18,9,31,0.0,62.5,0,0,0,0
2014-05-08,84,73,84,65,29.87,29.74,17,8,30,0.05999999865889549,87.5,0,0,1,0
2014-05-09,86,66,87,50,29.96,29.77,20,5,39,0.009999999776482582,62.5,1,0,1,0
2014-05-10,91,60,97,44,29.92,29.75,16,6,23,0.0,0.0,0,0,0,0
2014-05-11,93,72,84,41,29.84,29.66,18,10,30,0.0,75.0,0,0,0,0
2014-05-12,82,62,94,79,29.95,29.74,18,7,26,2.450000047683716,100.0,1,0,1,1
2014-05-13,67,55,93,52,30.25,29.92,16,8,31,0.9399999976158142,100.0,1,0,1,0
2014-05-14,76,51,93,21,30.29,30.17,17,7,28,0.14000000059604645,25.0,0,0,1,0
2014-05-15,84,46,93,17,30.3,30.11,10,3,17,0.0,0.0,0,0,0,0
2014-05-16,86,61,60,20,30.14,29.96,15,7,27,0.0,0.0,0,0,0,0
2014-05-17,86,60,84,32,30.02,29.9,17,9,26,0.0,12.5,0,0,0,0
2014-05-18,85,62,93,40,30.09,29.96,16,8,24,0.0,25.0,0,0,0,0
2014-05-19,86,66,87,43,30.07,29.94,18,10,27,0.0,37.5,0,0,0,0
2014-05-20,89,67,84,42,30.08,29.96,14,9,26,0.0,50.0,0,0,0,0
2014-05-21,89,70,84,38,30.1,29.96,16,8,27,0.0,50.0,0,0,0,0
2014-05-22,87,70,90,50,30.11,29.96,15,7,25,0.009999999776482582,75.0,0,0,0,0
2014-05-23,84,71,84,54,30.09,29.96,14,6,20,0.1899999976158142,75.0,0,0,1,1
2014-05-24,86,70,97,61,30.06,29.89,15,7,23,0.009999999776482582,87.5,0,0,0,0
2014-05-25,87,72,84,48,30.07,29.89,15,6,24,0.009999999776482582,87.5,1,0,0,0
2014-05-26,75,64,93,73,30.09,29.94,17,5,29,1.559999942779541,62.5,1,0,1,0
2014-05-27,73,63,93,79,30.03,29.86,22,3,31,1.75,87.5,1,0,1,1
2014-05-28,84,68,97,51,29.94,29.83,14,4,22,0.0,50.0,0,0,0,0
2014-05-29,89,66,93,38,29.89,29.79,9,2,15,0.0,25.0,0,0,0,0
2014-05-30,94,68,84,36,29.86,29.78,9,3,17,0.0,12.5,0,0,0,0
2014-05-31,93,70,84,41,29.89,29.82,10,3,20,0.0,12.5,0,0,0,0
2014-06-01,88,71,93,45,29.97,29.83,14,4,20,0.0,50.0,0,0,0,0
2014-06-02,91,74,87,47,29.97,29.86,13,7,22,0.0,62.5,0,0,0,0
2014-06-03,90,75,82,52,30.03,29.88,10,6,17,0.009999999776482582,75.0,0,0,0,0
2014-06-04,91,74,87,52,29.93,29.79,12,7,21,0.0,62.5,0,0,0,0
2014-06-05,91,74,87,56,29.87,29.78,14,7,22,0.0,62.5,0,0,0,0
2014-06-06,92,73,87,52,29.97,29.83,14,7,25,0.0,62.5,0,0,0,0
2014-06-07,92,74,93,49,29.97,29.81,14,7,26,0.0,50.0,0,0,0,0
2014-06-08,90,76,87,46,29.99,29.76,16,7,27,0.009999999776482582,62.5,0,0,1,0
2014-06-09,86,68,91,65,29.92,29.75,14,4,22,0.550000011920929,87.5,1,0,1,0
2014-06-10,92,64,97,30,29.9,29.81,13,3,20,0.0,0.0,0,0,0,0
2014-06-11,94,66,87,41,29.89,29.74,14,5,21,0.0,0.0,0,0,0,0
2014-06-12,92,68,79,56,29.98,29.71,24,8,47,1.4900000095367432,25.0,1,0,1,0
2014-06-13,89,68,95,55,30.01,29.87,15,4,22,0.0,12.5,0,0,0,0
2014-06-14,87,73,95,59,29.99,29.84,15,6,22,0.0,37.5,0,0,0,0
2014-06-15,91,74,95,59,29.98,29.87,14,9,23,0.0,50.0,0,0,0,0
2014-06-16,92,75,94,49,30.05,29.93,12,8,24,0.009999999776482582,62.5,0,0,0,0
2014-06-17,92,75,88,49,30.04,29.92,12,9,22,0.0,50.0,0,0,0,0
2014-06-18,92,77,91,44,30.03,29.88,16,9,26,0.019999999552965164,62.5,0,0,1,0
2014-06-19,91,76,88,47,30.05,29.94,13,6,22,0.009999999776482582,50.0,0,0,0,0
2014-06-20,91,75,88,50,30.11,29.96,13,5,19,0.0,37.5,0,0,0,0
2014-06-21,92,75,94,49,30.07,29.87,15,6,21,0.009999999776482582,50.0,0,0,0,0
2014-06-22,90,76,85,55,29.96,29.82,13,8,22,0.009999999776482582,62.5,0,0,0,0
2014-06-23,88,68,88,61,30.04,29.83,16,4,26,0.27000001072883606,62.5,1,0,1,0
2014-06-24,93,74,94,49,30.05,29.94,22,4,35,0.23999999463558197,50.0,1,0,1,1
2014-06-25,89,71,94,59,30.07,29.92,16,5,24,0.49000000953674316,75.0,1,0,1,1
2014-06-26,88,71,94,57,30.02,29.85,15,7,24,0.009999999776482582,62.5,0,0,1,0
2014-06-27,91,75,88,49,29.93,29.79,17,8,32,0.009999999776482582,75.0,0,0,0,0
2014-06-28,93,78,85,52,29.97,29.83,16,9,27,0.009999999776482582,87.5,0,0,0,0
2014-06-29,95,77,88,49,30.04,29.91,17,9,27,0.0,62.5,0,0,0,0
2014-06-30,96,77,88,39,30.03,29.86,17,8,27,0.0,50.0,0,0,0,0
2014-07-01,96,75,88,39,29.98,29.87,15,6,22,0.0,37.5,0,0,0,0
2014-07-02,97,73,93,35,30.06,29.96,14,4,18,0.0,12.5,0,0,0,0
2014-07-03,96,72,93,30,30.13,30.01,20,3,29,0.07000000029802322,25.0,1,0,1,0
2014-07-04,93,71,93,41,30.22,30.1,16,4,23,0.0,12.5,1,0,0,0
2014-07-05,94,69,93,46,30.19,30.05,18,4,30,0.0,12.5,0,0,0,0
2014-07-06,95,72,100,44,30.1,29.91,13,5,20,0.0,37.5,0,0,0,0
2014-07-07,96,73,87,34,30.01,29.91,13,5,19,0.0,0.0,0,0,0,0
2014-07-08,98,74,93,33,30.04,29.95,13,7,21,0.0,12.5,0,0,0,0
2014-07-09,98,72,90,27,30.07,29.93,14,6,23,0.0,12.5,0,0,0,0
2014-07-10,96,72,93,34,30.11,29.94,14,5,24,0.0,25.0,0,0,0,0
2014-07-11,95,71,90,30,30.15,30.03,13,5,22,0.0,37.5,0,0,0,0
2014-07-12,98,71,93,25,30.19,30.01,13,4,20,0.0,12.5,0,0,0,0
2014-07-13,100,74,93,33,30.09,29.96,13,4,17,0.0,0.0,0,0,0,0
2014-07-14,101,75,82,28,30.03,29.87,10,4,16,0.0,0.0,0,0,0,0
2014-07-15,92,73,93,49,30.01,29.91,15,3,23,0.05999999865889549,25.0,1,0,1,0
2014-07-16,95,73,93,43,30.03,29.83,15,4,22,0.3100000023841858,62.5,1,0,1,0
2014-07-17,89,74,94,59,29.92,29.76,13,5,19,3.5299999713897705,87.5,1,0,1,1
2014-07-18,78,72,100,74,30.01,29.87,14,3,27,1.5199999809265137,87.5,1,0,1,0
2014-07-19,86,70,90,61,30.03,29.93,8,2,11,0.0,75.0,0,0,0,0
2014-07-20,94,74,93,52,30.04,29.88,12,4,18,0.0,62.5,0,0,0,0
2014-07-21,96,77,94,46,30.05,29.9,10,6,20,0.0,37.5,0,0,0,0
2014-07-22,96,76,94,42,30.08,29.95,8,2,14,0.0,25.0,0,0,0,0
2014-07-23,97,75,94,38,30.05,29.94,7,3,14,0.0,12.5,0,0,0,0
2014-07-24,94,74,94,46,30.08,29.9,8,3,12,0.09000000357627869,37.5,0,0,1,0
2014-07-25,96,75,87,39,30.02,29.89,12,5,18,0.0,12.5,0,0,0,0
2014-07-26,98,76,94,38,30.01,29.88,15,6,25,0.0,0.0,0,0,0,0
2014-07-27,98,75,94,33,30.08,29.94,13,6,22,0.0,12.5,0,0,0,0
2014-07-28,99,74,93,31,30.13,29.98,9,3,15,0.0,12.5,0,0,0,0
2014-07-29,97,76,87,38,30.08,29.99,13,4,23,0.0,0.0,0,0,0,0
2014-07-30,96,76,87,33,30.06,29.86,14,6,22,0.0,12.5,0,0,0,0
2014-07-31,97,77,85,42,30.01,29.86,13,4,19,0.0,62.5,0,0,0,0
2014-08-01,91,73,74,44,30.01,29.93,12,5,18,0.0,50.0,0,0,0,0
2014-08-02,90,68,93,46,30.1,29.96,10,3,18,0.0,37.5,0,0,0,0
2014-08-03,94,71,84,39,30.08,29.92,13,4,19,0.0,12.5,0,0,0,0
2014-08-04,94,72,87,44,30.06,29.92,13,3,20,0.0,25.0,0,0,0,0
2014-08-05,97,73,87,35,30.06,29.93,13,3,22,0.0,0.0,0,0,0,0
2014-08-06,99,76,94,33,30.06,29.86,13,5,20,0.0,12.5,0,0,0,0
2014-08-07,102,77,88,29,29.99,29.78,13,6,25,0.0,37.5,0,0,0,0
2014-08-08,102,76,91,29,30.0,29.82,13,6,22,0.0,12.5,0,0,0,0
2014-08-09,100,77,88,31,30.0,29.85,13,5,18,0.0,0.0,0,0,0,0
2014-08-10,101,77,88,27,30.01,29.87,13,4,19,0.0,0.0,0,0,0,0
2014-08-11,102,76,91,33,30.07,29.94,13,3,23,0.05000000074505806,12.5,1,0,1,0
2014-08-12,100,73,94,29,30.05,29.92,12,4,17,0.0,25.0,0,0,0,0
2014-08-13,97,69,66,24,30.06,29.95,12,4,20,0.0,0.0,0,0,0,0
2014-08-14,98,70,73,27,30.03,29.89,9,4,16,0.0,0.0,0,0,0,0
2014-08-15,101,75,88,27,30.05,29.82,13,5,19,0.0,37.5,0,0,0,0
2014-08-16,104,77,88,25,29.95,29.81,14,7,24,0.0,12.5,0,0,0,0
2014-08-17,101,79,85,27,30.02,29.84,16,6,24,0.0,37.5,0,0,0,0
2014-08-18,102,78,85,33,29.99,29.78,15,7,24,0.0,25.0,0,0,0,0
2014-08-19,96,77,76,34,29.93,29.78,16,7,25,0.0,0.0,1,0,0,0
2014-08-20,102,78,85,29,30.0,29.83,17,8,29,0.0,50.0,0,0,0,0
2014-08-21,103,80,85,25,30.06,29.91,17,9,27,0.0,25.0,0,0,0,0
2014-08-22,103,79,85,25,30.08,29.91,15,8,23,0.0,25.0,0,0,0,0
2014-08-23,101,75,94,29,30.04,29.84,14,6,21,0.0,25.0,0,0,0,0
2014-08-24,101,77,88,29,29.98,29.81,13,5,18,0.0,25.0,0,0,0,0
2014-08-25,101,76,88,29,29.97,29.81,10,5,15,0.0,12.5,0,0,0,0
2014-08-26,101,77,71,33,29.98,29.89,14,4,23,0.009999999776482582,12.5,1,0,1,0
2014-08-27,98,76,87,29,30.06,29.88,10,4,17,0.0,25.0,0,0,0,0
2014-08-28,99,76,82,40,29.97,29.81,17,5,26,0.0,12.5,0,0,0,0
2014-08-29,96,77,88,39,29.92,29.77,15,5,23,0.07000000029802322,50.0,1,0,1,0
2014-08-30,95,74,94,44,29.98,29.83,13,4,24,0.0,37.5,0,0,0,0
2014-08-31,99,74,94,42,30.01,29.85,15,7,26,0.0,37.5,0,0,0,0
2014-09-01,101,78,91,33,29.96,29.8,15,8,25,0.0,50.0,0,0,0,0
2014-09-02,98,78,91,40,29.97,29.84,17,8,32,0.009999999776482582,50.0,0,0,0,0
2014-09-03,100,76,88,33,30.02,29.88,17,6,26,0.0,50.0,0,0,0,0
2014-09-04,99,73,91,38,30.07,29.94,28,5,37,0.9800000190734863,62.5,1,0,1,1
2014-09-05,97,77,91,35,30.1,29.91,13,4,21,0.019999999552965164,62.5,0,0,1,0
2014-09-06,97,74,94,39,30.08,29.9,13,3,20,0.1899999976158142,25.0,1,0,1,0
2014-09-07,89,74,100,55,30.09,29.94,8,3,13,0.2199999988079071,62.5,1,0,1,0
2014-09-08,96,72,100,39,30.03,29.89,12,3,15,0.0,0.0,0,0,0,0
2014-09-09,97,74,87,38,29.98,29.81,13,6,20,0.0,0.0,0,0,0,0
2014-09-10,99,77,88,38,29.9,29.75,14,7,25,0.0,25.0,0,0,0,0
2014-09-11,99,78,85,35,29.97,29.81,10,5,19,0.0,37.5,0,0,0,0
2014-09-12,96,66,94,39,30.15,29.91,15,5,24,0.5099999904632568,50.0,1,0,1,0
2014-09-13,66,60,100,84,30.24,30.1,14,5,24,0.6800000071525574,100.0,0,0,1,0
2014-09-14,77,64,100,73,30.23,30.1,7,2,10,0.0,75.0,0,0,0,0
2014-09-15,88,69,97,55,30.13,30.02,8,2,13,0.0,50.0,0,0,0,0
2014-09-16,94,74,94,46,30.07,29.9,18,3,28,0.019999999552965164,37.5,1,0,1,0
2014-09-17,91,75,94,56,30.02,29.81,14,3,20,0.3499999940395355,75.0,1,0,1,0
2014-09-18,90,72,100,56,29.93,29.79,25,2,33,3.6600000858306885,87.5,1,0,1,1
2014-09-19,86,74,100,69,29.95,29.84,10,3,14,0.12999999523162842,87.5,0,0,1,0
2014-09-20,90,74,100,55,30.0,29.88,9,3,15,0.20999999344348907,87.5,0,0,1,0
2014-09-21,90,72,94,47,30.06,29.96,10,3,15,0.0,12.5,0,0,0,0
2014-09-22,91,70,90,47,30.12,30.01,9,4,16,0.0,12.5,0,0,0,0
2014-09-23,85,67,74,40,30.15,30.04,8,3,12,0.0,0.0,0,0,0,0
2014-09-24,84,60,90,37,30.16,30.07,9,2,16,0.0,0.0,0,0,0,0
2014-09-25,83,62,90,58,30.14,30.07,13,3,20,0.009999999776482582,37.5,0,0,0,0
2014-09-26,85,66,87,54,30.15,29.99,10,3,15,0.0,37.5,0,0,0,0
2014-09-27,80,68,93,62,30.05,29.95,9,2,14,0.009999999776482582,62.5,0,0,1,0
2014-09-28,88,66,100,43,30.04,29.92,12,3,15,0.0,37.5,0,0,0,0
2014-09-29,89,67,93,43,29.99,29.87,8,2,12,0.0,0.0,0,0,0,0
2014-09-30,90,65,93,47,29.88,29.75,9,2,14,0.0,12.5,0,0,0,0
2014-10-01,92,76,88,47,29.87,29.72,10,5,18,0.0,50.0,0,0,0,0
2014-10-02,92,76,91,52,29.93,29.75,14,7,27,0.029999999329447746,75.0,1,0,1,0
2014-10-03,85,65,63,25,30.19,29.94,14,7,22,0.0,0.0,1,0,0,0
2014-10-04,80,59,72,29,30.23,29.98,9,4,14,0.0,0.0,0,0,0,0
2014-10-05,87,62,93,44,29.98,29.79,14,6,23,0.0,37.5,0,0,0,0
2014-10-06,89,72,93,53,29.93,29.82,13,6,20,0.0,62.5,0,0,0,0
2014-10-07,94,72,93,41,29.99,29.86,13,5,21,0.0,50.0,0,0,0,0
2014-10-08,90,74,93,46,30.06,29.9,15,6,23,0.0,50.0,0,0,0,0
2014-10-09,92,75,94,44,30.01,29.83,14,7,22,0.009999999776482582,62.5,0,0,1,0
2014-10-10,92,75,87,44,29.95,29.81,14,7,24,0.0,75.0,0,0,0,0
2014-10-11,78,59,97,73,30.12,29.88,14,5,20,1.4199999570846558,100.0,0,0,1,1
2014-10-12,77,61,93,78,30.04,29.72,13,2,24,0.009999999776482582,87.5,1,0,1,0
2014-10-13,76,61,87,38,30.04,29.65,20,10,36,0.09000000357627869,37.5,1,0,1,0
2014-10-14,80,51,77,21,30.17,30.03,14,5,20,0.0,0.0,0,0,0,0
2014-10-15,88,56,72,20,30.13,29.99,9,2,16,0.0,0.0,0,0,0,0
2014-10-16,86,57,72,27,30.0,29.87,13,4,23,0.0,0.0,0,0,0,0
2014-10-17,87,61,97,40,29.95,29.86,13,3,17,0.0,0.0,0,0,0,0
2014-10-18,86,66,90,44,30.06,29.93,9,2,12,0.0,37.5,0,0,0,0
2014-10-19,82,65,93,54,30.12,30.0,8,2,15,0.0,50.0,0,0,0,0
2014-10-20,82,63,100,45,30.08,29.98,8,2,13,0.0,25.0,0,0,0,0
2014-10-21,83,58,93,28,30.09,29.98,10,3,16,0.0,0.0,0,0,0,0
2014-10-22,83,61,84,49,30.12,30.03,9,2,14,0.009999999776482582,12.5,0,0,1,0
2014-10-23,83,66,81,46,30.14,30.04,8,2,11,0.009999999776482582,12.5,0,0,1,0
2014-10-24,85,60,84,44,30.17,30.06,7,2,9,0.0,0.0,0,0,0,0
2014-10-25,88,62,84,39,30.17,30.06,8,2,12,0.0,0.0,0,0,0,0
2014-10-26,86,61,90,34,30.06,29.9,12,4,19,0.0,0.0,0,0,0,0
2014-10-27,86,62,93,40,29.94,29.81,14,6,23,0.0,12.5,0,0,0,0
2014-10-28,84,65,93,55,30.06,29.89,8,2,12,0.0,37.5,0,0,0,0
2014-10-29,81,65,81,54,30.16,30.06,10,3,14,0.0,50.0,0,0,0,0
2014-10-30,82,63,93,51,30.18,30.03,8,2,10,0.009999999776482582,50.0,0,0,1,0
2014-10-31,76,56,93,27,30.32,30.11,16,7,25,0.30000001192092896,25.0,0,0,1,0
2014-11-01,68,47,71,37,30.43,30.28,9,5,14,0.0,0.0,0,0,0,0
2014-11-02,75,48,80,41,30.34,30.18,15,6,25,0.0,25.0,0,0,0,0
2014-11-03,76,59,84,60,30.18,30.07,14,6,23,0.009999999776482582,87.5,0,0,0,0
2014-11-04,75,58,100,73,30.18,30.01,17,5,28,0.5600000023841858,100.0,0,0,1,0
2014-11-05,59,55,100,93,30.23,30.08,13,6,20,1.5099999904632568,100.0,0,0,1,0
2014-11-06,63,55,93,56,30.35,30.22,10,4,17,0.03999999910593033,87.5,0,0,1,0
2014-11-07,71,48,80,26,30.3,30.06,7,2,11,0.0,12.5,0,0,0,0
2014-11-08,75,48,93,41,30.18,30.04,15,4,25,0.0,12.5,0,0,0,0
2014-11-09,74,47,86,31,30.19,29.92,8,3,13,0.0,0.0,0,0,0,0
2014-11-10,76,49,93,46,29.92,29.74,17,6,31,0.0,0.0,0,0,0,0
2014-11-11,65,42,93,40,30.23,29.78,17,7,32,0.0,37.5,0,0,0,0
2014-11-12,51,36,64,36,30.46,30.25,16,9,27,0.0,37.5,0,0,0,0
2014-11-13,41,31,58,27,30.58,30.46,17,8,28,0.0,87.5,0,0,0,0
2014-11-14,45,30,58,30,30.5,30.3,8,3,11,0.0,100.0,0,0,0,0
2014-11-15,48,40,100,43,30.28,30.03,10,4,15,0.019999999552965164,100.0,0,0,1,0
2014-11-16,50,34,100,82,30.25,29.92,17,6,28,0.009999999776482582,100.0,0,0,1,1
2014-11-17,53,30,82,22,30.5,30.25,16,6,26,0.0,0.0,0,0,0,0
2014-11-18,56,30,78,24,30.57,30.42,10,2,15,0.0,0.0,0,0,0,0
2014-11-19,69,33,86,42,30.4,30.17,13,3,22,0.0,0.0,0,0,0,0
2014-11-20,70,44,100,70,30.17,30.02,12,3,16,0.009999999776482582,75.0,0,0,1,1
2014-11-21,74,62,100,79,30.12,29.99,13,5,20,0.33000001311302185,100.0,0,0,1,1
2014-11-22,67,58,100,93,30.07,29.7,20,7,28,3.3299999237060547,100.0,1,0,1,1
2014-11-23,81,53,100,23,29.84,29.51,16,5,27,0.0,0.0,0,0,0,0
2014-11-24,66,40,76,18,30.2,29.88,15,5,28,0.0,0.0,0,0,0,0
2014-11-25,67,38,85,20,30.37,30.2,9,3,16,0.0,0.0,0,0,0,0
2014-11-26,77,42,62,18,30.36,30.14,10,3,17,0.0,0.0,0,0,0,0
2014-11-27,64,42,76,27,30.56,30.37,10,4,16,0.0,0.0,0,0,0,0
2014-11-28,72,42,82,41,30.38,30.09,14,4,24,0.0,25.0,0,0,0,0
2014-11-29,73,56,93,57,30.07,29.95,16,7,31,0.0,37.5,0,0,0,0
2014-11-30,79,64,87,54,30.11,29.97,15,7,28,0.0,62.5,0,0,0,0
2014-12-01,66,41,93,45,30.47,30.11,17,6,30,0.0,100.0,0,0,0,0
2014-12-02,50,39,80,45,30.45,30.21,10,4,16,0.0,100.0,0,0,0,0
2014-12-03,59,48,100,75,30.23,30.14,7,1,10,0.0,100.0,0,0,0,0
2014-12-04,66,58,100,87,30.2,30.04,12,3,16,0.05999999865889549,100.0,0,0,1,0
2014-12-05,75,63,100,64,30.18,30.03,12,5,20,0.009999999776482582,75.0,0,0,1,0
2014-12-06,69,55,90,53,30.38,30.19,13,6,20,0.0,37.5,0,0,0,0
2014-12-07,56,52,89,77,30.4,30.27,9,4,14,0.0,87.5,0,0,0,0
2014-12-08,67,49,86,52,30.39,30.27,9,3,14,0.0,50.0,0,0,0,0
2014-12-09,69,43,100,39,30.38,30.24,8,1,11,0.0,0.0,0,0,0,0
2014-12-10,66,47,93,56,30.27,30.15,8,1,11,0.019999999552965164,87.5,0,0,1,0
2014-12-11,67,57,97,73,30.24,30.14,9,5,16,0.03999999910593033,100.0,0,0,1,0
2014-12-12,71,59,90,66,30.3,30.18,12,5,17,0.009999999776482582,87.5,0,0,1,0
2014-12-13,74,55,100,57,30.24,30.06,14,5,21,0.0,62.5,0,0,0,0
2014-12-14,74,61,100,64,30.07,29.84,14,6,26,0.07000000029802322,100.0,0,0,1,0
2014-12-15,74,52,93,23,30.2,29.89,12,5,19,0.0,37.5,0,0,0,0
2014-12-16,63,46,60,34,30.37,30.19,14,5,20,0.0,37.5,0,0,0,0
2014-12-17,53,48,96,54,30.27,30.05,15,4,22,0.10000000149011612,100.0,1,0,1,0
2014-12-18,60,49,100,84,30.14,30.06,12,3,17,0.009999999776482582,100.0,0,0,0,0
2014-12-19,57,48,100,77,30.21,30.06,13,7,19,0.5899999737739563,100.0,1,0,1,0
2014-12-20,54,49,86,72,30.27,30.15,8,3,13,0.0,100.0,0,0,0,0
2014-12-21,56,50,93,72,30.18,29.85,10,5,20,0.0,100.0,0,0,0,0
2014-12-22,77,56,93,33,29.83,29.6,12,5,18,0.0,37.5,0,0,0,0
2014-12-23,59,43,77,55,30.02,29.63,18,8,31,0.009999999776482582,62.5,0,0,1,0
2014-12-24,57,35,85,38,30.16,30.03,16,6,25,0.0,12.5,0,0,0,0
2014-12-25,65,33,96,26,30.12,29.97,16,6,30,0.0,0.0,0,0,0,0
2014-12-26,74,53,100,66,29.97,29.86,12,5,21,0.009999999776482582,75.0,0,0,1,0
2014-12-27,66,41,93,65,30.29,29.92,16,8,24,0.029999999329447746,100.0,0,0,1,0
2014-12-28,47,32,92,49,30.33,30.19,14,4,21,0.12999999523162842,62.5,0,0,1,0
2014-12-29,67,30,92,43,30.21,30.06,10,2,15,0.0,0.0,0,0,0,0
2014-12-30,46,39,100,73,30.51,30.21,13,6,21,0.0,87.5,0,0,0,1
2014-12-31,42,36,76,64,30.57,30.41,14,8,21,0.009999999776482582,100.0,0,0,0,0
2015-01-01,40,34,100,64,30.38,30.15,9,5,13,0.6299999952316284,100.0,1,0,1,0
2015-01-02,43,38,100,89,30.19,29.96,12,5,18,0.20000000298023224,100.0,1,0,1,0
2015-01-03,62,39,100,48,30.13,29.92,14,3,24,0.7599999904632568,62.5,1,0,1,0
2015-01-04,51,35,100,38,30.69,30.16,16,7,26,0.0,0.0,0,0,0,0
2015-01-05,52,29,75,32,30.73,30.45,8,4,12,0.0,0.0,0,0,0,0
2015-01-06,71,36,76,23,30.46,30.3,9,2,13,0.0,0.0,0,0,0,0
2015-01-07,51,30,76,32,30.8,30.34,21,9,32,0.0,25.0,0,0,0,0
2015-01-08,36,23,56,39,30.79,30.3,15,5,23,0.009999999776482582,37.5,0,0,1,0
2015-01-09,38,34,70,54,30.58,30.31,13,6,21,0.019999999552965164,100.0,0,0,1,0
2015-01-10,36,32,100,52,30.56,30.31,8,3,13,0.30000001192092896,100.0,1,0,1,0
2015-01-11,49,34,100,80,30.3,30.1,8,3,13,0.17000000178813934,100.0,0,0,1,0
2015-01-12,46,40,100,76,30.44,30.15,14,5,20,0.0,100.0,0,0,0,1
2015-01-13,42,35,92,73,30.52,30.38,12,7,21,0.0,100.0,0,0,0,0
2015-01-14,40,38,92,79,30.41,30.26,9,5,15,0.0,100.0,0,0,0,0
2015-01-15,59,38,92,43,30.4,30.29,12,4,19,0.0,37.5,0,0,0,0
2015-01-16,64,38,92,36,30.4,30.18,8,3,12,0.0,12.5,0,0,0,0
2015-01-17,69,39,92,34,30.26,30.03,12,3,20,0.0,0.0,0,0,0,0
2015-01-18,72,46,53,20,30.38,30.2,10,3,15,0.0,0.0,0,0,0,0
2015-01-19,75,37,85,33,30.18,29.94,10,3,19,0.0,0.0,0,0,0,0
2015-01-20,80,41,89,28,30.04,29.85,12,3,19,0.0,0.0,0,0,0,0
2015-01-21,56,50,96,71,30.15,30.03,10,6,17,0.1599999964237213,87.5,0,0,1,0
2015-01-22,52,41,100,82,30.27,29.98,20,10,32,2.069999933242798,100.0,0,0,1,0
2015-01-23,51,38,93,61,30.32,30.2,15,6,23,0.4000000059604645,75.0,0,0,1,0
2015-01-24,63,36,92,32,30.28,30.09,13,4,21,0.0,0.0,0,0,0,0
2015-01-25,73,40,85,20,30.2,30.02,13,6,20,0.0,0.0,0,0,0,0
2015-01-26,74,46,61,25,30.29,30.15,10,5,17,0.0,0.0,0,0,0,0
2015-01-27,83,51,71,23,30.21,30.1,14,6,24,0.0,0.0,0,0,0,0
2015-01-28,81,42,96,23,30.18,30.06,14,4,22,0.0,0.0,0,0,0,0
2015-01-29,79,52,100,35,30.39,30.12,16,4,25,0.009999999776482582,25.0,0,0,0,0
2015-01-30,58,48,63,40,30.46,30.28,14,6,23,0.009999999776482582,62.5,0,0,1,0
2015-01-31,62,49,100,59,30.26,29.9,15,4,21,0.3100000023841858,100.0,0,0,1,0
2015-02-01,73,44,100,53,30.27,29.88,17,7,28,0.019999999552965164,62.5,0,0,1,0
2015-02-02,49,33,62,34,30.43,30.28,15,6,22,0.0,0.0,0,0,0,0
2015-02-03,43,40,96,55,30.36,30.21,8,2,11,0.25999999046325684,87.5,0,0,1,0
2015-02-04,55,42,100,83,30.21,30.03,8,2,13,0.05999999865889549,100.0,0,0,1,0
2015-02-05,52,38,92,62,30.48,30.22,16,7,26,0.009999999776482582,100.0,0,0,0,0
2015-02-06,60,37,86,51,30.46,30.25,10,3,16,0.0,50.0,0,0,0,0
2015-02-07,69,40,93,49,30.22,29.98,13,5,21,0.0,25.0,0,0,0,0
2015-02-08,78,58,93,50,30.0,29.81,14,6,26,0.0,50.0,0,0,0,0
2015-02-09,83,52,77,20,30.14,30.01,9,3,13,0.0,0.0,0,0,0,0
2015-02-10,81,46,86,28,30.07,29.92,10,4,18,0.0,0.0,0,0,0,0
2015-02-11,78,51,100,27,30.2,29.95,16,5,26,0.0,37.5,0,0,0,0
2015-02-12,62,44,65,36,30.42,30.23,16,7,27,0.0,25.0,0,0,0,0
2015-02-13,70,39,79,37,30.38,30.22,10,2,15,0.0,12.5,0,0,0,0
2015-02-14,78,48,86,33,30.29,30.13,9,3,14,0.0,0.0,0,0,0,0
2015-02-15,68,57,87,73,30.15,29.88,10,5,19,0.009999999776482582,62.5,0,0,0,0
2015-02-16,66,36,93,64,30.24,29.83,17,9,28,0.009999999776482582,100.0,0,0,1,0
2015-02-17,55,34,82,35,30.34,30.17,13,7,22,0.0,50.0,0,0,0,0
2015-02-18,66,32,89,22,30.39,30.25,13,4,18,0.0,0.0,0,0,0,0
2015-02-19,70,38,85,37,30.38,30.08,14,5,28,0.0,0.0,0,0,0,0
2015-02-20,75,54,86,57,30.08,29.77,16,9,31,0.0,87.5,0,0,0,0
2015-02-21,78,55,87,50,30.02,29.8,14,6,25,0.0,75.0,0,0,0,0
2015-02-22,56,37,93,66,30.41,29.95,20,7,30,0.019999999552965164,100.0,0,0,1,0
2015-02-23,37,30,92,82,30.54,30.4,17,9,24,0.009999999776482582,100.0,0,0,1,0
2015-02-24,37,30,92,76,30.41,30.02,9,4,15,0.0,100.0,0,0,0,0
2015-02-25,63,35,100,27,30.03,29.82,13,3,21,0.009999999776482582,62.5,0,0,1,0
2015-02-26,52,33,96,52,30.4,29.93,15,7,24,0.0,50.0,0,0,0,0
2015-02-27,36,31,92,52,30.45,30.32,13,7,21,0.009999999776482582,100.0,0,0,1,0
2015-02-28,36,31,100,85,30.38,30.26,10,5,17,0.10000000149011612,100.0,0,0,1,0
2015-03-01,43,35,100,89,30.36,30.22,10,6,16,0.09000000357627869,100.0,0,0,1,0
2015-03-02,45,38,100,89,30.38,30.18,10,4,15,0.019999999552965164,100.0,0,0,1,0
2015-03-03,63,41,100,90,30.15,29.85,8,1,13,0.009999999776482582,100.0,0,0,1,1
2015-03-04,70,34,100,89,30.28,29.8,21,6,36,0.15000000596046448,100.0,1,0,1,1
2015-03-05,47,31,89,33,30.64,30.21,20,10,33,0.12999999523162842,50.0,1,0,1,0
2015-03-06,57,26,81,27,30.66,30.49,8,2,13,0.0,0.0,0,0,0,0
2015-03-07,60,38,82,29,30.5,30.27,10,2,13,0.009999999776482582,100.0,0,0,0,0
2015-03-08,54,47,100,38,30.29,30.06,12,3,16,0.44999998807907104,100.0,0,0,1,0
2015-03-09,55,49,100,93,30.06,29.88,8,4,13,2.1700000762939453,100.0,0,0,1,0
2015-03-10,63,50,96,60,30.15,29.96,9,4,14,0.0,87.5,0,0,0,0
2015-03-11,59,54,86,72,30.26,30.14,13,6,20,0.0,100.0,0,0,0,0
2015-03-12,73,52,96,49,30.19,29.99,13,5,18,0.019999999552965164,62.5,0,0,1,0
2015-03-13,78,53,100,36,30.06,29.94,12,3,18,0.0,50.0,0,0,0,0
2015-03-14,78,53,89,33,30.21,30.02,15,6,23,0.0,12.5,0,0,0,0
2015-03-15,69,51,89,55,30.32,30.2,12,3,16,0.0,37.5,0,0,0,0
2015-03-16,77,52,100,46,30.28,30.14,10,3,17,0.0,75.0,0,0,0,0
2015-03-17,77,63,100,64,30.18,30.02,9,3,16,0.009999999776482582,87.5,0,0,1,0
2015-03-18,81,60,93,54,30.06,29.9,13,4,20,0.12999999523162842,50.0,0,0,1,0
2015-03-19,83,63,100,58,30.0,29.88,12,5,17,0.0,75.0,0,0,0,0
2015-03-20,71,57,93,84,30.15,29.98,15,4,22,1.1699999570846558,100.0,0,0,1,1
2015-03-21,61,55,100,90,30.15,30.01,10,4,17,0.4300000071525574,100.0,0,0,1,0
2015-03-22,78,57,100,50,30.08,29.96,9,4,15,0.0,62.5,0,0,0,0
2015-03-23,80,52,100,45,30.13,29.99,9,3,14,0.0,0.0,0,0,0,0
2015-03-24,83,59,97,47,30.04,29.88,14,7,22,0.0,25.0,0,0,0,0
2015-03-25,84,62,93,51,29.98,29.84,16,8,27,0.0,37.5,0,0,0,0
2015-03-26,70,54,93,31,30.19,29.86,20,10,29,0.05000000074505806,50.0,0,0,1,0
2015-03-27,82,46,71,16,30.2,30.08,13,4,19,0.0,0.0,0,0,0,0
2015-03-28,84,48,86,22,30.14,30.0,13,5,24,0.0,0.0,0,0,0,0
2015-03-29,84,57,93,40,30.11,29.99,17,8,28,0.0,12.5,0,0,0,0
2015-03-30,80,64,93,58,30.18,30.03,12,5,18,0.0,75.0,0,0,0,0
2015-03-31,82,66,93,54,30.09,29.91,13,7,20,0.0,75.0,0,0,0,0
2015-04-01,83,68,90,51,29.98,29.83,14,7,25,0.009999999776482582,75.0,0,0,1,0
2015-04-02,84,68,90,62,29.97,29.85,15,8,26,0.0,75.0,0,0,0,0
2015-04-03,86,66,90,43,30.18,29.89,17,7,27,0.0,87.5,0,0,0,0
2015-04-04,69,56,61,44,30.33,30.17,17,8,32,0.0,100.0,0,0,0,0
2015-04-05,69,59,100,56,30.15,29.9,10,4,16,0.019999999552965164,100.0,0,0,1,0
2015-04-06,85,65,100,51,30.01,29.86,14,7,24,0.0,62.5,0,0,0,0
2015-04-07,87,68,90,51,30.03,29.87,16,8,26,0.0,62.5,0,0,0,0
2015-04-08,79,69,90,71,30.0,29.83,16,8,29,0.009999999776482582,75.0,0,0,0,0
2015-04-09,87,70,90,55,29.93,29.75,15,7,27,0.0,50.0,0,0,0,0
2015-04-10,74,56,93,47,30.2,29.95,14,5,26,0.09000000357627869,50.0,1,0,1,0
2015-04-11,70,59,100,72,30.12,29.96,7,3,12,0.009999999776482582,100.0,0,0,1,0
2015-04-12,82,67,100,62,29.99,29.78,13,5,19,0.009999999776482582,87.5,0,0,0,1
2015-04-13,87,64,100,34,29.98,29.79,13,4,19,0.09000000357627869,50.0,1,0,1,0
2015-04-14,77,57,87,46,30.11,29.96,12,6,20,0.0,62.5,0,0,0,0
2015-04-15,83,54,93,45,30.04,29.88,14,4,20,0.0,37.5,0,0,0,0
2015-04-16,81,67,93,62,29.98,29.82,17,4,27,0.009999999776482582,75.0,1,0,1,0
2015-04-17,75,66,93,69,29.98,29.85,12,4,18,0.4099999964237213,100.0,1,0,1,0
2015-04-18,77,54,100,64,29.94,29.75,28,4,43,0.5699999928474426,87.5,1,0,1,1
2015-04-19,89,57,100,20,29.86,29.72,15,6,25,0.0,50.0,1,0,0,1
2015-04-20,73,54,64,32,30.05,29.89,15,6,25,0.0,0.0,0,0,0,0
2015-04-21,81,51,89,43,30.02,29.88,13,5,22,0.0,12.5,0,0,0,0
2015-04-22,81,67,93,64,29.95,29.81,16,7,23,0.009999999776482582,87.5,0,0,0,0
2015-04-23,85,68,100,69,29.94,29.82,10,4,16,0.0,75.0,0,0,0,0
2015-04-24,85,69,100,69,29.92,29.67,14,5,23,0.4300000071525574,87.5,1,0,1,0
2015-04-25,93,70,100,21,29.83,29.65,12,5,20,0.03999999910593033,12.5,1,0,0,0
2015-04-26,86,69,93,61,29.76,29.52,18,8,32,0.07999999821186066,75.0,1,0,1,0
2015-04-27,85,63,100,32,29.8,29.54,17,4,37,0.5600000023841858,62.5,1,0,1,0
2015-04-28,65,53,84,64,30.12,29.82,17,8,26,0.0,87.5,0,0,0,0
2015-04-29,77,49,93,29,30.13,29.96,12,5,19,0.0,0.0,0,0,0,0
2015-04-30,83,50,89,31,30.05,29.92,10,3,14,0.0,0.0,0,0,0,0
2015-05-01,84,55,86,33,30.07,29.98,10,2,15,0.0,0.0,0,0,0,0
2015-05-02,83,58,80,36,30.08,29.96,13,4,20,0.0,0.0,0,0,0,0
2015-05-03,84,58,93,40,30.03,29.93,15,6,23,0.0,12.5,0,0,0,0
2015-05-04,84,66,93,49,30.1,29.96,16,8,26,0.0,62.5,0,0,0,0
2015-05-05,83,66,100,54,30.01,29.86,20,7,28,3.8399999141693115,87.5,1,0,1,1
2015-05-06,87,71,93,55,29.97,29.81,14,8,23,0.009999999776482582,75.0,0,0,1,0
2015-05-07,83,73,87,74,29.94,29.8,17,9,26,0.019999999552965164,100.0,0,0,1,0
2015-05-08,79,73,93,82,29.93,29.78,13,6,19,0.28999999165534973,100.0,1,0,1,0
2015-05-09,85,72,93,65,29.89,29.74,17,9,31,0.019999999552965164,87.5,1,0,1,0
2015-05-10,87,76,87,55,29.86,29.74,17,10,29,0.0,87.5,0,0,0,0
2015-05-11,79,68,94,62,30.11,29.84,12,5,20,0.4000000059604645,87.5,1,0,1,0
2015-05-12,69,65,100,81,30.2,30.05,10,5,17,0.23000000417232513,100.0,0,0,1,0
2015-05-13,70,64,100,93,30.15,30.01,14,4,26,1.1200000047683716,87.5,1,0,1,1
2015-05-14,87,68,100,65,30.1,29.94,15,5,24,0.07999999821186066,75.0,0,0,1,0
2015-05-15,77,67,100,74,30.04,29.86,13,4,20,0.36000001430511475,75.0,1,0,1,0
2015-05-16,87,67,97,61,29.91,29.77,18,9,30,0.0,87.5,0,0,0,0
2015-05-17,84,66,100,65,30.05,29.8,22,5,35,2.5999999046325684,87.5,1,0,1,0
2015-05-18,88,73,93,61,30.1,29.95,12,5,20,0.0,75.0,0,0,1,0
2015-05-19,89,74,87,59,30.06,29.86,17,8,28,0.009999999776482582,75.0,0,0,1,0
2015-05-20,89,72,94,56,30.01,29.87,13,5,21,0.33000001311302185,75.0,1,0,1,0
2015-05-21,76,62,94,73,30.13,29.94,15,6,24,0.019999999552965164,87.5,1,0,1,0
2015-05-22,77,62,100,82,30.13,30.02,10,4,17,0.029999999329447746,100.0,0,0,1,0
2015-05-23,87,66,100,65,30.11,29.9,18,7,32,1.409999966621399,87.5,1,0,1,1
2015-05-24,82,64,93,69,29.95,29.81,8,6,17,0.7599999904632568,62.5,0,0,1,0
2015-05-25,82,66,100,74,29.92,29.75,16,5,29,5.199999809265137,87.5,1,0,1,1
2015-05-26,89,66,100,59,30.02,29.88,13,6,20,0.0,75.0,1,0,0,0
2015-05-27,85,67,94,69,30.1,29.95,12,5,18,0.009999999776482582,75.0,1,0,1,0
2015-05-28,87,69,94,65,30.08,29.87,15,6,25,0.20000000298023224,75.0,1,0,1,0
2015-05-29,89,64,100,51,30.03,29.81,21,5,33,0.6700000166893005,50.0,1,0,1,0
2015-05-30,88,70,93,55,30.07,29.94,12,2,16,0.009999999776482582,37.5,1,0,1,0
2015-05-31,86,67,90,44,30.14,30.0,9,2,16,0.0,37.5,0,0,0,0
2015-06-01,88,64,93,46,30.08,29.99,8,2,12,0.0,12.5,0,0,0,0
2015-06-02,90,67,93,46,30.03,29.89,9,2,16,0.0,12.5,0,0,0,0
2015-06-03,89,67,90,47,29.98,29.85,13,5,20,0.0,25.0,0,0,0,0
2015-06-04,88,68,90,45,30.0,29.9,12,4,16,0.0,12.5,0,0,0,0
2015-06-05,90,69,97,47,30.08,29.95,12,4,17,0.009999999776482582,25.0,0,0,0,0
2015-06-06,90,70,97,46,30.01,29.91,9,3,14,0.0,12.5,0,0,0,0
2015-06-07,91,70,97,44,29.98,29.89,12,4,17,0.0,12.5,0,0,0,0
2015-06-08,93,71,93,41,29.99,29.89,9,3,13,0.0,0.0,0,0,0,0
2015-06-09,95,72,87,33,29.95,29.81,8,3,13,0.0,0.0,0,0,0,0
2015-06-10,93,72,79,44,29.87,29.76,10,4,16,0.0,0.0,0,0,0,0
2015-06-11,94,73,93,49,29.88,29.73,15,7,25,0.0,25.0,0,0,0,0
2015-06-12,93,75,88,52,29.87,29.76,13,6,20,0.009999999776482582,62.5,0,0,0,0
2015-06-13,95,75,94,46,29.9,29.78,18,7,29,0.009999999776482582,62.5,0,0,0,0
2015-06-14,86,72,100,74,29.94,29.84,13,6,22,1.340000033378601,75.0,1,0,1,1
2015-06-15,89,74,100,55,29.98,29.84,16,4,24,0.1899999976158142,75.0,1,0,1,0
2015-06-16,83,73,94,74,29.96,29.78,15,7,25,1.340000033378601,87.5,1,0,1,1
2015-06-17,89,72,100,65,29.94,29.73,23,5,15,2.6600000858306885,87.5,1,0,1,1
2015-06-18,90,73,100,64,30.02,29.89,12,4,21,0.0,50.0,1,0,0,0
2015-06-19,84,71,94,79,30.1,29.96,13,1,22,1.090000033378601,75.0,1,0,1,1
2015-06-20,83,72,100,79,30.07,29.96,17,3,26,0.49000000953674316,62.5,1,0,1,1
2015-06-21,86,72,100,70,30.08,29.98,17,4,29,0.9300000071525574,75.0,1,0,1,1
2015-06-22,89,72,100,68,30.11,30.02,10,5,17,0.0,62.5,0,0,0,0
2015-06-23,92,75,94,52,30.18,30.04,13,5,20,0.0,50.0,1,0,0,0
2015-06-24,92,74,100,56,30.19,30.04,12,3,16,0.0,50.0,0,0,0,0
2015-06-25,93,73,100,52,30.13,29.96,12,4,17,0.0,12.5,0,0,0,0
2015-06-26,93,76,94,52,30.05,29.89,10,6,18,0.0,25.0,0,0,0,0
2015-06-27,91,74,94,56,30.05,29.95,14,1,22,0.009999999776482582,25.0,1,0,1,0
2015-06-28,91,73,94,52,30.06,29.94,13,2,17,0.07999999821186066,37.5,1,0,1,0
2015-06-29,93,74,100,49,30.02,29.9,10,5,18,0.0,25.0,0,0,0,0
2015-06-30,94,73,100,52,30.08,29.94,14,4,26,0.75,50.0,1,0,1,1
2015-07-01,91,71,93,63,30.07,29.97,17,4,31,0.009999999776482582,12.5,0,0,1,0
2015-07-02,91,70,100,56,30.04,29.91,16,6,29,0.009999999776482582,50.0,0,0,0,0
2015-07-03,91,76,88,49,30.03,29.89,12,6,19,0.009999999776482582,50.0,0,0,0,0
2015-07-04,92,76,94,52,30.03,29.9,14,7,22,0.0,62.5,0,0,0,0
2015-07-05,91,76,94,56,30.08,29.91,14,7,26,0.0,62.5,0,0,0,0
2015-07-06,91,77,88,55,30.07,29.89,16,8,28,0.0,62.5,0,0,0,0
2015-07-07,91,78,85,56,30.02,29.9,16,8,28,0.009999999776482582,62.5,0,0,0,0
2015-07-08,91,78,85,52,30.04,29.93,18,8,29,0.0,62.5,0,0,0,0
2015-07-09,93,76,88,41,30.09,29.97,16,8,24,0.0,62.5,0,0,0,0
2015-07-10,94,74,94,41,30.13,29.99,13,6,21,0.0,37.5,0,0,0,0
2015-07-11,93,73,94,44,30.16,30.05,14,5,19,0.0,37.5,0,0,0,0
2015-07-12,94,74,87,46,30.13,29.97,12,5,19,0.0,12.5,0,0,0,0
2015-07-13,96,75,94,43,30.01,29.83,13,5,19,0.0,12.5,0,0,0,0
2015-07-14,97,74,87,34,29.94,29.81,10,6,18,0.0,25.0,0,0,0,0
2015-07-15,95,75,87,41,29.99,29.84,13,6,19,0.0,25.0,0,0,0,0
2015-07-16,95,74,93,44,30.02,29.87,12,6,19,0.0,25.0,0,0,0,0
2015-07-17,96,76,88,43,30.02,29.84,13,7,21,0.0,37.5,0,0,0,0
2015-07-18,98,77,88,42,29.99,29.91,14,7,23,0.0,50.0,0,0,0,0
2015-07-19,97,76,88,42,30.05,29.9,13,6,22,0.0,37.5,0,0,0,0
2015-07-20,97,74,94,38,30.02,29.83,12,5,19,0.0,12.5,0,0,0,0
2015-07-21,97,75,94,38,29.95,29.79,13,6,19,0.0,25.0,0,0,0,0
2015-07-22,97,77,85,42,29.95,29.81,13,7,23,0.0,37.5,0,0,0,0
2015-07-23,99,77,88,35,30.03,29.88,14,7,24,0.0,25.0,0,0,0,0
2015-07-24,99,77,85,38,30.07,29.89,13,6,20,0.0,37.5,0,0,0,0
2015-07-25,98,75,94,38,30.03,29.84,12,5,19,0.0,37.5,0,0,0,0
2015-07-26,98,76,94,40,29.95,29.82,12,6,17,0.0,25.0,0,0,0,0
2015-07-27,100,77,88,35,29.98,29.81,13,6,20,0.0,37.5,0,0,0,0
2015-07-28,100,77,91,35,30.0,29.86,14,8,25,0.0,50.0,0,0,0,0
2015-07-29,101,76,88,33,30.06,29.93,12,6,18,0.0,25.0,0,0,0,0
2015-07-30,101,75,82,27,30.06,29.94,10,2,16,0.0,0.0,0,0,0,0
2015-07-31,102,78,69,35,30.01,29.88,13,4,21,0.0,12.5,0,0,0,0
2015-08-01,99,73,68,25,30.01,29.88,10,3,17,0.0,0.0,0,0,0,0
2015-08-02,100,75,69,26,29.93,29.81,10,3,16,0.0,0.0,0,0,0,0
2015-08-03,99,75,79,29,29.9,29.82,13,4,17,0.0,0.0,0,0,0,0
2015-08-04,100,77,88,35,30.0,29.85,12,6,22,0.0,12.5,0,0,0,0
2015-08-05,101,78,85,33,30.02,29.85,13,7,21,0.0,25.0,0,0,0,0
2015-08-06,102,77,85,33,30.0,29.8,13,7,22,0.0,25.0,0,0,0,0
2015-08-07,101,76,88,33,29.95,29.79,13,6,22,0.0,25.0,0,0,0,0
2015-08-08,103,76,100,31,29.86,29.85,20,10,24,0.0,0.0,0,0,0,0
2015-08-09,103,74,100,29,29.86,29.85,20,10,24,0.0,0.0,0,0,0,0
2015-08-10,105,74,100,24,29.86,29.85,14,6,20,0.0,0.0,0,0,0,0
2015-08-11,105,75,100,24,29.86,29.85,14,6,20,0.0,0.0,0,0,0,0
2015-08-12,105,79,55,31,30.01,29.91,13,3,20,0.0,12.5,0,0,0,0
2015-08-13,104,78,74,27,30.0,29.88,10,3,19,0.0,12.5,0,0,0,0
2015-08-14,101,78,85,31,30.01,29.89,10,4,17,0.0,12.5,0,0,0,0
2015-08-15,98,79,74,33,30.04,29.88,10,3,16,0.0,37.5,1,0,0,0
2015-08-16,98,75,82,33,29.99,29.86,13,4,19,0.0,12.5,0,0,0,0
2015-08-17,98,74,87,35,29.97,29.82,12,4,17,0.0,0.0,0,0,0,0
2015-08-18,99,76,88,35,29.93,29.7,14,7,23,0.0,25.0,0,0,0,0
2015-08-19,99,78,85,39,29.87,29.72,13,6,20,0.0,37.5,0,0,0,0
2015-08-20,84,73,94,62,30.01,29.86,13,4,22,0.3499999940395355,62.5,1,0,1,0
2015-08-21,92,72,93,52,30.03,29.86,14,5,23,0.009999999776482582,75.0,0,0,1,0
2015-08-22,99,75,94,35,29.98,29.82,13,6,22,0.0,50.0,0,0,0,0
2015-08-23,101,76,94,33,30.05,29.91,12,5,18,0.0,25.0,0,0,0,0
2015-08-24,101,76,87,29,30.07,29.94,9,2,15,0.0,0.0,0,0,0,0
2015-08-25,101,77,79,33,30.06,29.97,12,3,23,0.0,0.0,0,0,0,0
2015-08-26,98,73,87,36,30.12,29.99,8,3,13,0.0,12.5,0,0,0,0
2015-08-27,98,74,87,25,30.07,29.94,12,4,18,0.0,0.0,0,0,0,0
2015-08-28,98,72,73,27,29.99,29.89,12,4,18,0.0,0.0,0,0,0,0
2015-08-29,95,71,79,31,30.04,29.93,9,3,15,0.0,0.0,0,0,0,0
2015-08-30,96,75,74,36,30.02,29.91,10,3,17,0.0,0.0,0,0,0,0
2015-08-31,97,74,87,30,30.06,29.9,16,5,24,0.0,12.5,0,0,0,0
2015-09-01,94,74,87,41,30.07,29.92,14,5,21,0.0,50.0,0,0,0,0
2015-09-02,95,71,90,39,30.08,29.89,12,4,19,0.0,50.0,0,0,0,0
2015-09-03,94,73,87,41,29.99,29.81,13,3,19,0.0,37.5,0,0,0,0
2015-09-04,100,75,88,35,29.97,29.83,14,6,23,0.0,50.0,0,0,0,0
2015-09-05,101,79,91,33,30.03,29.88,16,7,24,0.009999999776482582,50.0,0,0,0,0
2015-09-06,100,76,94,31,30.05,29.85,12,6,19,0.0,25.0,0,0,0,0
2015-09-07,100,76,88,33,29.98,29.83,13,6,20,0.0,12.5,0,0,0,0
2015-09-08,99,76,88,33,29.97,29.77,10,5,16,0.0,37.5,0,0,0,0
2015-09-09,93,74,100,47,29.98,29.81,10,3,17,1.0499999523162842,62.5,1,0,1,0
2015-09-10,96,72,100,42,29.98,29.81,16,2,25,0.7900000214576721,62.5,1,0,1,1
2015-09-11,93,75,94,49,29.99,29.85,12,3,20,0.009999999776482582,62.5,0,0,0,0
2015-09-12,91,69,87,23,30.08,29.96,13,5,20,0.0,0.0,0,0,0,0
2015-09-13,91,63,73,24,30.09,29.95,13,4,20,0.0,12.5,0,0,0,0
2015-09-14,90,64,79,27,30.07,29.95,12,5,17,0.0,0.0,0,0,0,0
2015-09-15,95,73,87,46,30.1,29.96,16,5,26,0.009999999776482582,75.0,0,0,0,0
2015-09-16,93,75,94,49,30.13,29.98,13,6,19,0.03999999910593033,75.0,0,0,1,0
2015-09-17,96,75,94,39,30.06,29.86,13,6,18,0.0,62.5,0,0,0,0
2015-09-18,96,75,94,33,29.96,29.79,12,6,18,0.0,37.5,0,0,0,0
2015-09-19,96,74,94,26,30.0,29.86,9,3,14,0.0,37.5,0,0,0,0
2015-09-20,95,69,90,30,30.01,29.9,9,3,15,0.0,0.0,0,0,0,0
2015-09-21,95,73,87,26,30.01,29.9,12,4,16,0.0,0.0,0,0,0,0
2015-09-22,97,70,79,33,30.04,29.94,10,4,17,0.0,12.5,0,0,0,0
2015-09-23,94,68,90,26,30.05,29.92,10,2,15,0.0,0.0,0,0,0,0
2015-09-24,95,69,73,24,30.03,29.94,10,2,16,0.0,12.5,0,0,0,0
2015-09-25,96,72,79,36,30.04,29.93,12,2,19,0.009999999776482582,25.0,1,0,1,0
2015-09-26,95,68,84,24,29.99,29.86,12,3,21,0.0,0.0,0,0,0,0
2015-09-27,95,67,76,24,29.94,29.8,13,2,22,0.0,0.0,0,0,0,0
2015-09-28,89,69,90,38,29.89,29.76,12,3,17,0.0,37.5,0,0,0,0
2015-09-29,94,67,87,38,29.91,29.82,10,2,17,0.0,12.5,0,0,0,0
2015-09-30,95,70,84,28,30.0,29.9,10,2,16,0.0,0.0,0,0,0,0
2015-10-01,94,69,73,30,30.08,29.93,12,4,17,0.0,0.0,0,0,0,0
2015-10-02,89,67,68,22,30.06,29.88,12,5,18,0.0,12.5,0,0,0,0
2015-10-03,87,56,57,22,29.94,29.8,8,3,14,0.0,0.0,0,0,0,0
2015-10-04,87,59,67,23,30.02,29.88,8,2,14,0.0,0.0,0,0,0,0
2015-10-05,85,67,57,32,30.09,29.96,9,2,13,0.0,0.0,0,0,0,0
2015-10-06,90,63,63,24,30.15,30.01,8,3,12,0.0,0.0,0,0,0,0
2015-10-07,91,62,72,36,30.1,29.96,12,3,15,0.0,0.0,0,0,0,0
2015-10-08,91,68,90,38,30.07,29.94,10,3,20,0.0,50.0,0,0,0,0
2015-10-09,88,72,79,45,30.14,30.02,8,2,11,0.0,12.5,0,0,0,0
2015-10-10,90,67,78,34,30.21,30.03,10,3,16,0.0,0.0,0,0,0,0
2015-10-11,95,64,78,31,30.05,29.8,13,4,21,0.0,0.0,0,0,0,0
2015-10-12,99,72,90,33,29.84,29.7,13,6,23,0.0,12.5,0,0,0,0
2015-10-13,94,64,79,10,30.04,29.86,12,5,20,0.0,12.5,0,0,0,0
2015-10-14,96,60,60,12,30.1,29.98,9,3,15,0.0,0.0,0,0,0,0
2015-10-15,95,63,87,23,30.13,29.99,12,4,21,0.0,25.0,0,0,0,0
2015-10-16,90,62,93,26,30.21,30.09,12,2,16,0.0,0.0,0,0,0,0
2015-10-17,88,62,67,25,30.3,30.17,9,4,16,0.0,0.0,0,0,0,0
2015-10-18,84,57,51,14,30.35,30.22,9,4,14,0.0,0.0,0,0,0,0
2015-10-19,86,54,67,25,30.27,30.09,12,4,18,0.0,0.0,0,0,0,0
2015-10-20,87,58,86,35,30.17,29.99,13,4,20,0.0,12.5,0,0,0,0
2015-10-21,86,72,90,51,30.13,29.98,16,8,24,0.009999999776482582,75.0,0,0,1,0
2015-10-22,82,70,100,69,30.04,29.87,16,7,25,0.1599999964237213,100.0,0,0,1,0
2015-10-23,80,71,100,82,29.94,29.82,21,6,32,0.4300000071525574,100.0,1,0,1,0
2015-10-24,76,60,100,87,30.01,29.8,17,9,26,4.789999961853027,100.0,0,0,1,0
2015-10-25,64,57,100,78,30.07,29.99,17,9,31,0.6499999761581421,100.0,0,0,1,0
2015-10-26,79,58,78,45,30.05,29.88,15,6,23,0.0,37.5,0,0,0,0
2015-10-27,84,58,93,28,29.94,29.74,8,3,14,0.0,0.0,0,0,0,0
2015-10-28,82,58,78,28,29.91,29.77,18,4,31,0.0,0.0,0,0,0,0
2015-10-29,81,51,96,35,29.97,29.83,12,4,18,0.0,25.0,0,0,0,0
2015-10-30,75,67,100,79,29.87,29.62,29,8,42,4.929999828338623,100.0,1,0,1,1
2015-10-31,77,65,100,64,29.91,29.6,16,4,27,0.8899999856948853,75.0,1,0,1,0
2015-11-01,75,59,97,53,30.04,29.91,8,3,12,0.07000000029802322,50.0,0,0,1,0
2015-11-02,79,57,100,50,30.03,29.92,10,3,14,0.0,37.5,0,0,0,1
2015-11-03,80,57,100,47,30.08,29.95,10,3,14,0.0,25.0,0,0,0,1
2015-11-04,78,61,100,64,30.07,29.96,13,5,20,0.009999999776482582,87.5,0,0,1,0
2015-11-05,85,72,100,65,30.02,29.89,12,6,19,0.05000000074505806,87.5,1,0,1,0
2015-11-06,76,59,87,37,30.11,29.99,14,3,20,0.019999999552965164,75.0,0,0,1,0
2015-11-07,63,56,100,57,30.26,30.04,17,8,28,0.5299999713897705,100.0,0,0,1,1
2015-11-08,71,53,72,39,30.3,30.14,13,5,20,0.0,37.5,0,0,0,0
2015-11-09,73,52,83,49,30.19,30.05,6,1,9,0.0,75.0,0,0,0,0
2015-11-10,74,60,90,73,30.12,29.93,12,4,20,0.0,100.0,0,0,0,0
2015-11-11,85,69,93,31,30.0,29.79,13,7,25,0.0,75.0,0,0,0,0
2015-11-12,71,56,51,20,30.26,30.02,16,6,27,0.0,12.5,0,0,0,0
2015-11-13,65,56,57,37,30.34,30.24,7,4,14,0.0,100.0,0,0,0,0
2015-11-14,65,54,83,48,30.36,30.28,8,3,11,0.009999999776482582,87.5,0,0,1,0
2015-11-15,70,54,87,58,30.28,30.06,9,4,17,0.0,87.5,0,0,0,0
2015-11-16,75,65,100,84,30.08,29.62,16,7,28,0.009999999776482582,100.0,0,0,1,0
2015-11-17,75,47,93,44,29.79,29.54,18,4,30,1.0299999713897705,75.0,0,0,1,0
2015-11-18,72,43,93,35,29.96,29.78,9,2,15,0.0,0.0,0,0,0,0
2015-11-19,79,46,86,32,30.15,29.97,8,1,11,0.0,0.0,0,0,0,0
2015-11-20,77,52,93,40,30.13,29.93,12,4,17,0.0,25.0,0,0,0,0
2015-11-21,66,41,93,32,30.37,29.91,22,7,35,0.009999999776482582,62.5,0,0,0,0
2015-11-22,59,34,82,30,30.4,30.24,8,2,13,0.0,0.0,0,0,0,0
2015-11-23,63,32,92,30,30.37,30.22,9,2,14,0.0,0.0,0,0,0,0
2015-11-24,64,47,80,67,30.24,30.07,9,3,16,0.0,75.0,0,0,0,0
2015-11-25,74,62,93,61,30.11,30.02,14,5,22,0.009999999776482582,100.0,0,0,1,0
2015-11-26,74,68,100,81,30.15,30.04,14,7,20,0.25999999046325684,100.0,0,0,1,0
2015-11-27,74,41,100,87,30.24,30.07,15,7,22,1.4600000381469727,100.0,0,0,1,1
2015-11-28,44,39,100,82,30.28,30.19,13,7,19,0.25,100.0,0,0,1,0
2015-11-29,47,42,96,86,30.26,30.1,9,4,15,0.03999999910593033,100.0,0,0,1,0
2015-11-30,55,45,100,72,30.11,30.03,7,2,11,0.0,87.5,0,0,0,0
2015-12-01,59,46,93,51,30.12,29.98,7,2,12,0.0,12.5,0,0,0,0
2015-12-02,68,42,100,29,30.3,30.07,9,3,14,0.0,12.5,0,0,0,1
2015-12-03,63,40,86,36,30.43,30.3,8,1,12,0.0,0.0,0,0,0,0
2015-12-04,63,37,92,39,30.52,30.4,9,2,13,0.0,0.0,0,0,0,0
2015-12-05,65,37,92,40,30.5,30.37,9,2,14,0.0,0.0,0,0,0,0
2015-12-06,70,44,93,49,30.46,30.34,10,2,16,0.0,12.5,0,0,0,0
2015-12-07,69,44,92,35,30.37,30.16,7,1,12,0.0,0.0,0,0,0,0
2015-12-08,75,42,96,43,30.14,29.92,12,3,21,0.0,0.0,0,0,0,0
2015-12-09,76,47,93,29,30.07,29.92,8,2,13,0.0,0.0,0,0,0,0
2015-12-10,78,51,100,56,29.93,29.76,10,4,19,0.0,50.0,0,0,0,0
2015-12-11,79,52,100,58,29.88,29.78,14,6,23,0.0,50.0,0,0,0,1
2015-12-12,75,70,90,79,29.84,29.63,17,9,29,0.009999999776482582,87.5,0,0,1,0
2015-12-13,74,46,96,72,29.79,29.6,23,4,37,1.5399999618530273,75.0,0,0,1,0
2015-12-14,75,42,89,25,29.85,29.73,10,3,18,0.0,0.0,0,0,0,0
2015-12-15,75,53,100,71,29.81,29.66,9,4,16,0.0,75.0,0,0,0,0
2015-12-16,63,46,53,27,30.03,29.81,15,8,26,0.0,62.5,0,0,0,0
2015-12-17,68,39,79,28,30.26,29.99,14,4,25,0.0,0.0,0,0,0,0
2015-12-18,58,34,76,33,30.45,30.28,13,3,24,0.0,0.0,0,0,0,0
2015-12-19,66,36,92,44,30.5,30.34,13,4,20,0.0,0.0,0,0,0,0
2015-12-20,67,51,100,78,30.35,29.99,13,5,25,0.009999999776482582,87.5,0,0,1,0
2015-12-21,76,54,93,64,30.01,29.88,8,2,15,0.0,62.5,0,0,0,0
2015-12-22,79,49,93,45,29.92,29.53,13,5,20,0.0,37.5,0,0,0,0
2015-12-23,81,53,93,25,29.72,29.48,15,3,24,0.0,37.5,0,0,0,0
2015-12-24,74,52,93,68,29.95,29.73,10,1,16,0.0,50.0,0,0,0,0
2015-12-25,70,51,93,61,30.04,29.84,9,2,17,0.0,87.5,0,0,0,0
2015-12-26,78,70,93,76,29.83,29.62,21,10,31,0.10000000149011612,100.0,0,0,1,0
2015-12-27,73,36,93,84,29.81,29.54,21,10,33,1.3200000524520874,100.0,1,0,1,0
2015-12-28,46,36,92,58,30.06,29.76,21,8,35,0.009999999776482582,75.0,0,0,0,0
2015-12-29,49,37,92,56,30.19,30.01,8,3,11,0.029999999329447746,50.0,0,0,1,0
2015-12-30,57,41,100,59,30.3,30.16,9,4,14,0.009999999776482582,62.5,0,0,1,0
2015-12-31,53,39,93,63,30.4,30.25,13,6,20,0.0,37.5,0,0,0,0
2016-01-01,48,44,66,53,30.53,30.38,15,8,24,0.009999999776482582,87.5,0,0,1,0
2016-01-02,47,42,100,53,30.51,30.36,8,2,13,0.20000000298023224,100.0,0,0,1,0
2016-01-03,62,41,96,43,30.36,30.22,9,3,14,0.009999999776482582,50.0,0,0,1,0
2016-01-04,58,37,79,36,30.41,30.27,9,4,13,0.0,0.0,0,0,0,0
2016-01-05,56,36,85,51,30.37,30.21,9,3,12,0.009999999776482582,50.0,0,0,1,0
2016-01-06,53,46,100,71,30.21,29.95,9,3,13,0.12999999523162842,100.0,1,0,1,0
2016-01-07,73,49,100,41,29.96,29.81,9,2,13,0.0,50.0,0,0,0,1
2016-01-08,66,44,100,72,29.86,29.69,13,3,18,0.0,25.0,1,0,0,0
2016-01-09,58,38,71,46,30.24,29.83,18,9,30,0.0,37.5,0,0,0,0
2016-01-10,50,33,82,39,30.4,30.23,12,4,16,0.0,0.0,0,0,0,0
2016-01-11,56,34,82,35,30.31,30.19,7,1,9,0.0,25.0,0,0,0,0
2016-01-12,66,34,89,27,30.36,30.23,10,2,16,0.0,0.0,0,0,0,0
2016-01-13,66,38,92,43,30.26,30.08,10,2,17,0.0,0.0,0,0,0,0
2016-01-14,70,47,93,57,30.05,29.74,12,3,19,0.0,50.0,0,0,0,0
2016-01-15,70,48,93,22,29.87,29.71,10,3,17,0.0,0.0,0,0,0,0
2016-01-16,64,43,76,46,30.19,29.78,20,5,29,0.009999999776482582,37.5,0,0,1,0
2016-01-17,57,32,89,41,30.25,30.1,12,3,18,0.0,0.0,0,0,0,0
2016-01-18,59,36,92,47,30.42,30.25,8,2,12,0.0,0.0,0,0,0,0
2016-01-19,69,43,100,55,30.28,30.08,14,4,26,0.0,50.0,0,0,0,0
2016-01-20,57,45,89,50,30.23,29.99,12,4,17,0.0,100.0,0,0,0,0
2016-01-21,64,43,100,32,30.23,29.88,22,7,36,0.009999999776482582,50.0,0,0,1,0
2016-01-22,54,37,70,41,30.38,30.22,18,8,26,0.0,0.0,0,0,0,0
2016-01-23,57,31,85,36,30.37,30.17,8,3,12,0.0,0.0,0,0,0,0
2016-01-24,70,35,82,40,30.15,29.9,14,5,24,0.0,12.5,0,0,0,0
2016-01-25,75,56,93,38,30.06,29.87,10,4,20,0.0,50.0,0,0,0,0
2016-01-26,58,43,58,41,30.32,30.06,18,10,30,0.009999999776482582,75.0,0,0,1,0
2016-01-27,59,36,70,24,30.4,30.25,14,5,21,0.0,0.0,0,0,0,0
2016-01-28,71,32,82,23,30.27,30.08,10,2,17,0.0,0.0,0,0,0,0
2016-01-29,76,38,85,21,30.12,29.93,14,4,24,0.0,0.0,0,0,0,0
2016-01-30,77,46,84,33,29.94,29.79,14,6,25,0.0,12.5,0,0,0,0
2016-01-31,86,58,93,17,29.87,29.73,12,5,19,0.0,37.5,0,0,0,0
2016-02-01,77,54,100,46,29.86,29.53,18,8,28,0.0,62.5,0,0,0,1
2016-02-02,72,51,37,18,29.94,29.68,16,6,23,0.0,12.5,0,0,0,0
2016-02-03,58,39,54,28,30.4,29.97,15,7,23,0.0,0.0,0,0,0,0
2016-02-04,59,34,75,23,30.55,30.41,8,3,12,0.0,0.0,0,0,0,0
2016-02-05,62,33,70,24,30.48,30.29,15,4,22,0.0,25.0,0,0,0,0
2016-02-06,60,39,79,28,30.4,30.3,15,7,29,0.0,12.5,1,0,1,0
2016-02-07,68,32,96,28,30.38,30.1,13,3,21,0.0,0.0,0,0,0,0
2016-02-08,65,46,58,15,30.45,30.21,17,8,29,0.0,0.0,0,0,0,0
2016-02-09,74,39,59,20,30.4,30.23,14,6,23,0.0,0.0,0,0,0,0
2016-02-10,74,38,82,25,30.41,30.17,9,3,16,0.0,0.0,0,0,0,0
2016-02-11,83,52,52,20,30.17,30.04,13,5,20,0.0,0.0,0,0,0,0
2016-02-12,79,47,93,27,30.29,30.13,10,3,19,0.0,0.0,0,0,0,0
2016-02-13,75,52,78,42,30.36,30.14,15,6,24,0.0,0.0,0,0,0,0
2016-02-14,75,57,93,49,30.11,29.83,15,6,26,0.0,75.0,0,0,0,0
2016-02-15,74,50,90,27,29.96,29.81,16,5,25,0.0,37.5,0,0,0,0
2016-02-16,82,43,71,26,30.09,29.92,12,4,19,0.0,0.0,0,0,0,0
2016-02-17,75,50,44,25,30.29,30.09,13,6,21,0.0,0.0,0,0,0,0
2016-02-18,79,54,93,42,30.24,30.06,16,9,29,0.0,62.5,0,0,0,0
2016-02-19,81,64,81,45,30.17,30.01,16,8,28,0.0,62.5,0,0,0,0
2016-02-20,76,66,87,64,30.09,29.95,14,6,21,0.0,87.5,0,0,0,0
2016-02-21,71,65,93,79,30.06,29.94,9,3,16,0.009999999776482582,87.5,0,0,1,0
2016-02-22,72,57,90,57,30.01,29.65,12,4,18,0.0,75.0,0,0,0,0
2016-02-23,61,47,93,59,30.06,29.59,23,9,37,1.3300000429153442,87.5,1,0,1,0
2016-02-24,65,42,76,21,30.28,30.06,18,7,28,0.0,0.0,0,0,0,0
2016-02-25,69,38,79,26,30.44,30.21,13,5,19,0.0,0.0,0,0,0,0
2016-02-26,64,41,56,27,30.51,30.32,10,3,16,0.0,0.0,0,0,0,0
2016-02-27,73,42,82,42,30.33,30.13,14,5,21,0.0,12.5,0,0,0,0
2016-02-28,78,55,93,50,30.12,29.95,13,7,23,0.0,75.0,0,0,0,0
2016-02-29,77,62,93,50,30.13,29.93,13,6,22,0.0,75.0,0,0,0,0
2016-03-01,81,59,87,36,30.18,29.93,16,8,28,0.0,50.0,0,0,0,0
2016-03-02,78,49,81,36,30.21,29.9,16,6,25,0.0,37.5,0,0,0,0
2016-03-03,83,62,87,18,30.13,29.83,17,7,28,0.0,37.5,0,0,0,0
2016-03-04,76,45,71,25,30.21,30.04,12,4,22,0.0,0.0,0,0,0,0
2016-03-05,79,57,93,39,30.21,30.08,12,6,18,0.0,50.0,0,0,0,0
2016-03-06,77,58,93,54,30.17,29.93,16,9,26,0.0,87.5,0,0,0,0
2016-03-07,76,64,87,64,29.95,29.71,21,11,33,0.009999999776482582,100.0,0,0,1,0
2016-03-08,83,68,90,58,29.78,29.6,17,9,30,0.2199999988079071,75.0,1,0,1,0
2016-03-09,71,59,100,84,29.85,29.65,15,8,27,2.180000066757202,100.0,1,0,1,0
2016-03-10,64,58,93,90,29.95,29.78,16,8,26,0.4000000059604645,100.0,0,0,1,0
2016-03-11,71,59,100,73,29.97,29.87,9,3,15,0.36000001430511475,100.0,1,0,1,0
2016-03-12,74,57,100,49,29.97,29.81,9,4,16,0.009999999776482582,62.5,0,0,1,0
2016-03-13,85,56,97,20,29.83,29.72,15,4,25,0.0,25.0,0,0,0,0
2016-03-14,92,54,73,23,29.87,29.71,14,5,26,0.0,0.0,0,0,0,0
2016-03-15,92,67,100,18,29.92,29.72,12,6,20,0.0,37.5,0,0,0,0
2016-03-16,81,61,84,37,30.02,29.88,13,5,17,0.0,37.5,0,0,0,0
2016-03-17,79,67,90,62,29.94,29.78,7,4,12,0.019999999552965164,87.5,0,0,1,0
2016-03-18,79,56,100,69,30.01,29.73,17,5,25,0.07000000029802322,87.5,1,0,1,0
2016-03-19,62,47,72,31,30.29,30.02,18,11,29,0.0,37.5,0,0,0,0
2016-03-20,64,42,62,25,30.47,30.3,15,5,23,0.0,0.0,0,0,0,0
2016-03-21,68,35,82,32,30.47,30.24,12,4,20,0.0,0.0,0,0,0,0
2016-03-22,78,45,86,47,30.22,29.92,17,9,31,0.0,12.5,0,0,0,0
2016-03-23,82,65,87,54,29.89,29.68,15,9,27,0.05000000074505806,87.5,0,0,0,0
2016-03-24,70,48,72,30,30.08,29.78,17,8,28,0.15000000596046448,37.5,1,0,1,0
2016-03-25,73,41,89,31,30.03,29.83,12,4,19,0.0,0.0,0,0,0,0
2016-03-26,74,48,93,57,29.94,29.85,13,4,20,0.0,25.0,0,0,0,0
2016-03-27,74,56,100,40,30.17,29.9,15,5,24,0.009999999776482582,62.5,0,0,1,0
2016-03-28,75,48,71,31,30.18,29.99,10,4,18,0.0,12.5,0,0,0,0
2016-03-29,69,58,100,52,30.01,29.84,13,6,22,0.019999999552965164,100.0,0,0,1,0
2016-03-30,77,68,100,76,29.85,29.6,14,7,24,0.029999999329447746,100.0,0,0,1,0
2016-03-31,86,66,97,20,29.76,29.61,12,5,18,0.0,37.5,0,0,0,0
2016-04-01,66,51,72,42,30.17,29.76,21,8,37,0.3400000035762787,62.5,1,0,1,0
2016-04-02,74,45,76,23,30.32,30.18,13,5,20,0.0,0.0,0,0,0,0
2016-04-03,79,44,89,27,30.26,30.08,12,3,17,0.0,0.0,0,0,0,0
2016-04-04,83,53,66,30,30.21,30.1,12,4,18,0.0,0.0,0,0,0,0
2016-04-05,82,53,66,33,30.22,30.03,15,5,25,0.0,0.0,0,0,0,0
2016-04-06,82,55,90,21,30.12,29.93,15,6,23,0.0,37.5,0,0,0,0
2016-04-07,85,48,86,23,30.09,29.93,9,3,19,0.0,0.0,0,0,0,0
2016-04-08,80,55,77,25,30.19,30.02,12,4,19,0.0,0.0,0,0,0,0
2016-04-09,77,58,84,41,30.16,29.99,16,5,26,0.019999999552965164,50.0,1,0,1,0
2016-04-10,79,65,87,62,30.04,29.85,21,8,32,0.009999999776482582,100.0,0,0,0,0
2016-04-11,89,70,93,55,29.98,29.83,15,5,26,0.009999999776482582,62.5,0,0,0,0
2016-04-12,73,62,93,73,30.13,29.94,15,7,26,1.190000057220459,100.0,1,0,1,0
2016-04-13,72,58,100,66,30.09,29.95,10,4,20,0.4000000059604645,75.0,0,0,1,0
2016-04-14,77,54,100,50,30.07,29.91,10,4,17,0.0,37.5,0,0,0,1
2016-04-15,79,54,100,54,29.93,29.78,14,5,22,0.0,37.5,0,0,0,0
2016-04-16,75,64,100,84,29.89,29.78,16,8,28,0.25,100.0,0,0,1,0
2016-04-17,78,64,97,82,29.99,29.85,16,6,25,1.340000033378601,100.0,1,0,1,1
2016-04-18,75,63,100,73,30.13,29.96,13,4,23,1.1299999952316284,87.5,1,0,1,0
2016-04-19,81,62,100,58,30.12,29.94,8,2,13,0.0,62.5,0,0,0,0
2016-04-20,81,60,93,51,30.06,29.9,20,4,35,0.5799999833106995,62.5,1,0,1,0
2016-04-21,83,60,93,47,30.08,29.88,17,5,25,0.4099999964237213,75.0,1,0,1,0
2016-04-22,84,60,93,33,30.13,30.02,12,4,16,0.0,0.0,0,0,0,0
2016-04-23,83,55,87,34,30.1,29.92,9,3,17,0.0,0.0,0,0,0,0
2016-04-24,79,63,93,64,29.96,29.78,13,6,20,0.009999999776482582,62.5,0,0,0,0
2016-04-25,88,70,93,59,29.85,29.66,15,7,25,0.0,75.0,1,0,0,0
2016-04-26,86,72,93,61,29.76,29.57,17,9,27,0.0,87.5,0,0,0,0
2016-04-27,90,62,93,15,29.78,29.55,16,5,37,0.5400000214576721,37.5,1,0,1,0
2016-04-28,87,63,93,48,29.88,29.72,15,7,25,0.009999999776482582,62.5,0,0,0,0
2016-04-29,84,75,94,70,29.78,29.54,14,7,23,0.009999999776482582,100.0,0,0,1,0
2016-04-30,86,66,94,51,29.81,29.56,13,4,23,0.9200000166893005,25.0,1,0,1,1
2016-05-01,78,66,87,50,29.98,29.8,13,7,22,0.009999999776482582,62.5,0,0,0,0
2016-05-02,70,57,80,55,30.15,29.97,15,7,25,0.009999999776482582,100.0,1,0,1,0
2016-05-03,78,55,86,33,30.14,30.0,12,4,19,0.0,25.0,0,0,0,0
2016-05-04,87,54,89,25,30.11,29.96,13,5,19,0.0,0.0,0,0,0,0
2016-05-05,89,59,72,29,30.07,29.95,8,4,15,0.0,0.0,0,0,0,0
2016-05-06,86,56,86,34,30.1,29.97,10,3,19,0.0,0.0,0,0,0,0
2016-05-07,85,60,90,40,30.03,29.88,17,6,29,0.0,0.0,0,0,0,0
2016-05-08,73,67,97,78,29.95,29.73,17,8,27,0.10999999940395355,75.0,0,0,1,0
2016-05-09,87,67,87,50,29.81,29.69,16,7,30,0.0,37.5,0,0,0,0
2016-05-10,91,66,93,56,30.06,29.77,17,8,29,0.27000001072883606,75.0,1,0,1,0
2016-05-11,87,65,87,65,30.08,29.9,18,6,26,0.33000001311302185,62.5,1,0,1,0
2016-05-12,84,68,93,62,30.2,30.0,17,4,29,0.10999999940395355,62.5,1,0,1,0
2016-05-13,87,71,79,58,30.17,29.99,8,4,13,0.009999999776482582,37.5,0,0,0,0
2016-05-14,81,63,100,74,30.11,30.01,9,2,16,0.7699999809265137,75.0,1,0,1,0
2016-05-15,72,62,93,72,30.13,29.97,9,4,15,0.23000000417232513,87.5,0,0,1,0
2016-05-16,80,67,100,67,30.02,29.82,12,5,17,0.25999999046325684,87.5,0,0,1,0
2016-05-17,82,65,100,65,30.05,29.82,20,5,31,0.20000000298023224,75.0,1,0,1,0
2016-05-18,78,64,93,60,30.11,29.9,15,7,23,0.1599999964237213,75.0,1,0,1,0
2016-05-19,76,61,100,68,30.05,29.86,15,5,29,2.25,87.5,1,0,1,0
2016-05-20,83,62,93,55,30.05,29.91,8,3,13,0.0,37.5,0,0,0,0
2016-05-21,83,70,87,74,30.07,29.92,9,4,16,0.0,75.0,0,0,0,0
2016-05-22,87,72,93,70,30.01,29.82,14,5,22,0.009999999776482582,87.5,0,0,0,0
2016-05-23,85,71,93,74,29.98,29.79,14,7,22,0.009999999776482582,100.0,0,0,1,0
2016-05-24,87,74,87,65,29.98,29.85,13,8,22,0.0,87.5,0,0,0,0
2016-05-25,86,77,88,74,30.03,29.9,13,6,22,0.0,100.0,0,0,0,0
2016-05-26,90,68,93,59,29.98,29.73,16,7,28,0.5199999809265137,87.5,1,0,1,0
2016-05-27,77,65,100,74,29.88,29.68,12,6,21,0.3499999940395355,75.0,1,0,1,0
2016-05-28,91,65,100,57,30.03,29.81,13,5,19,0.019999999552965164,62.5,1,0,1,1
2016-05-29,88,70,100,55,30.09,29.95,14,6,21,0.18000000715255737,25.0,1,0,1,0
2016-05-30,89,66,93,40,30.11,29.86,13,5,19,0.3100000023841858,50.0,1,0,1,0
2016-05-31,82,67,100,69,29.93,29.78,14,3,22,1.0700000524520874,75.0,1,0,1,0
2016-06-01,87,68,97,53,29.94,29.8,10,2,16,0.1899999976158142,50.0,0,0,1,0
2016-06-02,84,68,100,51,29.94,29.82,10,4,18,0.36000001430511475,75.0,1,0,1,0
2016-06-03,85,65,93,55,29.95,29.8,10,3,16,1.6100000143051147,75.0,1,0,1,0
2016-06-04,86,67,100,51,29.95,29.82,13,5,20,0.10000000149011612,62.5,0,0,1,0
2016-06-05,88,68,97,34,29.91,29.82,14,6,22,0.0,12.5,0,0,0,0
2016-06-06,90,70,68,38,29.88,29.8,13,4,20,0.0,12.5,0,0,0,0
2016-06-07,92,69,84,44,29.92,29.83,8,2,14,0.0,12.5,0,0,0,0
2016-06-08,92,70,93,49,29.93,29.84,12,3,18,0.0,25.0,0,0,0,0
2016-06-09,92,71,93,52,29.96,29.87,20,5,34,0.0,12.5,0,0,0,0
2016-06-10,91,69,97,56,30.02,29.89,10,3,14,0.0,25.0,0,0,0,0
2016-06-11,93,76,88,56,30.07,29.92,12,6,19,0.0,50.0,0,0,0,0
2016-06-12,94,77,91,56,30.09,29.92,14,6,22,0.0,62.5,0,0,0,0
2016-06-13,94,76,91,60,30.02,29.81,12,5,18,0.0,62.5,0,0,0,0
2016-06-14,94,78,85,56,29.93,29.79,12,6,21,0.0,62.5,0,0,0,0
2016-06-15,96,78,85,46,29.98,29.85,13,7,23,0.0,37.5,0,0,0,0
2016-06-16,96,75,94,48,30.02,29.87,14,6,22,0.0,25.0,0,0,0,0
2016-06-17,97,76,94,46,30.0,29.86,10,6,19,0.0,37.5,0,0,0,0
2016-06-18,96,76,88,46,30.04,29.91,10,4,16,0.0,37.5,0,0,0,0
2016-06-19,94,77,85,49,30.12,30.0,12,4,17,0.0,37.5,0,0,0,0
2016-06-20,95,75,87,43,30.2,30.08,9,4,17,0.0,25.0,0,0,0,0
2016-06-21,96,75,87,45,30.14,29.98,9,4,16,0.0,0.0,0,0,0,0
2016-06-22,96,76,94,49,30.08,29.92,13,6,22,0.0,12.5,0,0,0,0
2016-06-23,95,75,94,46,30.1,29.95,14,6,22,0.0,37.5,0,0,0,0
2016-06-24,93,75,94,52,30.1,29.94,13,6,20,0.0,37.5,0,0,0,0
2016-06-25,88,77,94,68,30.09,29.99,10,5,16,0.019999999552965164,62.5,1,0,1,0
2016-06-26,95,76,100,46,30.15,29.99,13,5,19,0.0,50.0,0,0,0,0
2016-06-27,96,75,87,42,30.14,29.98,8,2,15,0.0,0.0,0,0,0,0
2016-06-28,101,72,100,37,30.06,29.94,26,3,39,0.33000001311302185,25.0,1,0,1,0
2016-06-29,96,71,93,39,30.05,29.9,9,2,13,0.0,37.5,0,0,0,0
2016-06-30,94,76,88,41,29.99,29.9,10,4,17,0.0,12.5,0,0,0,0
2016-07-01,96,74,93,46,30.02,29.92,10,5,17,0.0,0.0,0,0,0,0
2016-07-02,98,76,88,45,30.05,29.88,14,7,23,0.0,50.0,0,0,0,0
2016-07-03,98,78,85,48,30.0,29.81,15,8,25,0.0,62.5,0,0,0,0
2016-07-04,99,80,85,39,29.98,29.85,14,8,24,0.0,37.5,0,0,0,0
2016-07-05,99,79,85,45,30.01,29.88,16,8,26,0.0,37.5,0,0,0,0
2016-07-06,100,79,91,45,30.03,29.86,16,8,28,0.0,50.0,0,0,0,0
2016-07-07,99,79,85,42,29.98,29.86,16,9,26,0.0,37.5,0,0,0,0
2016-07-08,100,79,85,42,30.05,29.89,14,7,23,0.0,50.0,0,0,0,0
2016-07-09,99,78,91,39,30.07,29.89,13,7,23,0.0,50.0,0,0,0,0
2016-07-10,97,77,91,42,30.07,29.82,14,6,25,0.03999999910593033,62.5,1,0,1,0
2016-07-11,100,79,85,35,29.94,29.82,17,9,31,0.0,37.5,0,0,0,0
2016-07-12,100,77,88,39,29.96,29.87,17,9,28,0.0,62.5,0,0,0,0
2016-07-13,101,80,85,42,30.04,29.89,15,8,25,0.0,50.0,0,0,0,0
2016-07-14,101,77,88,40,30.06,29.87,17,8,24,0.0,37.5,0,0,0,0
2016-07-15,101,78,91,33,30.05,29.86,13,7,22,0.0,37.5,0,0,0,0
2016-07-16,100,76,94,38,30.07,29.91,12,5,20,0.0,25.0,0,0,0,0
2016-07-17,99,76,88,38,30.08,29.96,12,7,20,0.0,37.5,0,0,0,0
2016-07-18,99,78,91,39,30.17,30.02,14,5,23,0.0,37.5,0,0,0,0
2016-07-19,100,77,85,42,30.21,30.04,15,5,24,0.0,12.5,0,0,0,0
2016-07-20,101,77,88,35,30.21,30.04,13,5,22,0.0,12.5,0,0,0,0
2016-07-21,101,76,87,33,30.14,30.0,12,4,20,0.0,0.0,0,0,0,0
2016-07-22,102,76,87,31,30.08,29.93,12,4,17,0.0,0.0,0,0,0,0
2016-07-23,101,78,85,35,30.02,29.82,13,6,21,0.0,12.5,0,0,0,0
2016-07-24,101,78,91,37,29.99,29.83,13,5,21,0.0,25.0,0,0,0,0
2016-07-25,102,76,94,37,29.96,29.79,21,3,33,0.7599999904632568,25.0,1,0,1,0
2016-07-26,93,75,100,52,29.98,29.87,9,2,17,0.07999999821186066,50.0,1,0,1,0
2016-07-27,92,74,100,55,30.03,29.89,16,3,26,1.059999942779541,75.0,1,0,1,1
2016-07-28,97,75,94,46,30.04,29.92,22,3,30,0.0,37.5,1,0,0,0
2016-07-29,96,74,91,43,30.06,29.88,9,4,17,0.0,37.5,0,0,0,0
2016-07-30,97,76,100,42,30.06,29.89,12,5,18,0.0,25.0,0,0,0,0
2016-07-31,98,78,91,40,30.04,29.88,13,6,21,0.0,37.5,0,0,0,0
2016-08-01,99,75,94,29,30.07,29.93,13,6,22,0.0,12.5,0,0,0,0
2016-08-02,98,75,94,39,30.09,29.94,12,5,19,0.0,12.5,0,0,0,0
2016-08-03,99,76,94,42,30.04,29.89,10,4,18,0.0,0.0,0,0,0,0
2016-08-04,99,76,88,42,30.02,29.84,12,5,20,0.0,12.5,0,0,0,0
2016-08-05,100,77,91,42,30.01,29.86,12,5,18,0.0,12.5,0,0,0,0
2016-08-06,100,77,88,38,30.02,29.86,12,4,18,0.0,12.5,0,0,0,0
2016-08-07,100,77,91,39,29.95,29.8,12,6,19,0.0,12.5,0,0,0,0
2016-08-08,100,78,91,39,29.93,29.77,10,5,20,0.0,12.5,0,0,0,0
2016-08-09,102,79,91,40,29.94,29.8,13,6,20,0.0,25.0,0,0,0,0
2016-08-10,102,81,91,37,30.0,29.85,12,5,20,0.0,25.0,0,0,0,0
2016-08-11,102,78,91,37,30.03,29.81,12,5,21,0.0,12.5,0,0,0,0
2016-08-12,105,79,91,35,29.89,29.68,15,5,24,0.0,25.0,0,0,0,0
2016-08-13,96,77,94,52,29.88,29.76,13,3,19,0.10000000149011612,50.0,1,0,1,0
2016-08-14,84,71,100,79,29.96,29.83,15,3,24,0.9200000166893005,87.5,1,0,1,0
2016-08-15,76,71,100,93,30.06,29.94,7,2,12,2.3499999046325684,100.0,0,0,1,0
2016-08-16,83,71,100,79,30.07,29.97,10,3,16,1.7899999618530273,100.0,1,0,1,1
2016-08-17,84,75,100,79,30.11,30.01,12,3,16,0.30000001192092896,87.5,1,0,1,0
2016-08-18,88,74,100,68,30.1,29.96,12,2,18,0.17000000178813934,75.0,0,0,1,0
2016-08-19,93,75,100,52,30.04,29.83,10,5,19,0.05999999865889549,62.5,0,0,1,0
2016-08-20,83,73,94,79,29.95,29.82,10,4,17,0.7400000095367432,87.5,1,0,1,0
2016-08-21,82,73,100,74,30.05,29.9,8,2,14,0.10999999940395355,87.5,0,0,1,0
2016-08-22,91,75,94,56,30.1,29.99,13,4,20,0.03999999910593033,62.5,0,0,1,0
2016-08-23,94,77,91,49,30.16,30.02,13,7,21,0.0,50.0,0,0,0,0
2016-08-24,93,76,94,49,30.15,29.99,13,6,21,0.0,62.5,0,0,0,0
2016-08-25,94,74,100,49,30.12,29.95,13,2,17,0.03999999910593033,37.5,0,0,0,0
2016-08-26,93,75,94,52,30.07,29.91,13,3,20,0.0,37.5,0,0,0,0
2016-08-27,92,72,93,52,30.01,29.88,12,3,19,0.0,12.5,0,0,0,0
2016-08-28,92,73,91,52,30.06,29.9,12,3,22,0.1599999964237213,37.5,0,0,1,0
2016-08-29,91,73,94,56,30.05,29.89,16,5,25,0.05999999865889549,50.0,0,0,1,0
2016-08-30,92,73,94,52,30.04,29.9,12,4,16,0.0,50.0,0,0,0,0
2016-08-31,94,74,100,49,29.97,29.86,9,2,14,0.09000000357627869,12.5,0,0,1,0
2016-09-01,96,75,94,46,29.97,29.86,10,4,15,0.0,12.5,0,0,0,0
2016-09-02,92,75,87,59,30.05,29.91,9,3,17,0.0,25.0,0,0,0,0
2016-09-03,92,73,94,52,29.99,29.9,10,3,17,0.009999999776482582,25.0,0,0,0,0
2016-09-04,93,75,94,52,30.04,29.89,13,3,19,0.009999999776482582,25.0,1,0,1,0
2016-09-05,94,73,94,59,30.08,29.96,14,5,19,0.009999999776482582,50.0,1,0,1,0
2016-09-06,95,77,97,60,30.14,30.02,17,6,25,0.009999999776482582,50.0,1,0,1,0
2016-09-07,96,78,97,52,30.16,29.98,13,6,20,0.0,62.5,0,0,0,0
2016-09-08,95,77,91,49,30.06,29.89,12,6,20,0.0,37.5,0,0,0,0
2016-09-09,95,77,94,49,30.0,29.86,13,6,20,0.0,37.5,0,0,0,0
2016-09-10,93,71,94,41,30.18,29.94,18,6,31,0.05000000074505806,37.5,0,0,1,0
2016-09-11,93,69,84,44,30.17,29.98,7,2,10,0.0,12.5,0,0,0,0
2016-09-12,93,70,93,47,30.0,29.86,10,3,15,0.0,12.5,0,0,0,0
2016-09-13,94,74,100,46,30.03,29.89,9,3,15,0.009999999776482582,37.5,0,0,1,0
2016-09-14,92,76,82,49,30.07,29.95,14,3,18,0.009999999776482582,25.0,0,0,1,0
2016-09-15,94,72,93,46,30.04,29.9,12,3,17,0.0,12.5,0,0,0,0
2016-09-16,95,75,94,44,30.0,29.84,9,2,12,0.0,12.5,0,0,0,0
2016-09-17,96,75,90,46,30.0,29.9,7,1,12,0.0,12.5,0,0,0,0
2016-09-18,98,75,94,45,29.99,29.89,8,2,12,0.0,0.0,0,0,0,0
2016-09-19,99,76,94,42,30.02,29.93,10,3,16,0.0,0.0,0,0,0,0
2016-09-20,99,75,94,38,30.08,29.94,10,3,17,0.0,0.0,0,0,0,0
2016-09-21,96,75,91,33,30.08,29.94,10,2,13,0.0,25.0,0,0,0,0
2016-09-22,94,70,84,44,30.0,29.88,14,5,18,0.0,25.0,0,0,0,0
2016-09-23,93,76,94,52,30.03,29.88,14,5,20,0.029999999329447746,62.5,0,0,1,0
2016-09-24,97,77,94,49,30.03,29.87,15,5,23,0.009999999776482582,62.5,1,0,1,0
2016-09-25,88,70,100,65,30.05,29.92,13,4,21,0.7599999904632568,75.0,1,0,1,1
2016-09-26,73,67,100,78,30.14,30.02,13,6,20,1.2200000286102295,100.0,0,0,1,0
2016-09-27,80,67,87,54,30.12,30.01,9,3,13,0.0,75.0,0,0,0,0
2016-09-28,89,65,93,29,30.09,30.01,8,1,11,0.0,0.0,0,0,0,0
2016-09-29,86,63,87,34,30.21,30.08,12,5,21,0.0,0.0,0,0,0,0
2016-09-30,83,60,73,34,30.22,30.06,8,2,12,0.0,0.0,0,0,0,0
2016-10-01,80,59,87,42,30.11,30.01,7,1,13,0.009999999776482582,0.0,0,0,0,0
2016-10-02,85,58,93,37,30.07,29.96,8,2,11,0.0,0.0,0,0,0,0
2016-10-03,87,62,90,42,29.98,29.82,10,3,14,0.0,0.0,0,0,0,0
2016-10-04,91,70,90,47,29.86,29.72,12,5,20,0.0,50.0,0,0,0,0
2016-10-05,92,75,94,49,29.95,29.81,13,5,21,0.0,50.0,0,0,0,0
2016-10-06,92,76,94,47,29.97,29.83,16,5,23,0.009999999776482582,62.5,0,0,0,0
2016-10-07,89,63,94,53,30.17,29.91,16,5,26,0.009999999776482582,62.5,0,0,1,0
2016-10-08,86,61,90,48,30.25,30.12,9,5,16,0.0,0.0,0,0,0,0
2016-10-09,84,58,73,24,30.29,30.16,8,4,14,0.0,0.0,0,0,0,0
2016-10-10,84,52,83,23,30.21,30.1,7,1,11,0.0,0.0,0,0,0,0
2016-10-11,88,53,83,30,30.16,30.02,9,1,13,0.0,0.0,0,0,0,0
2016-10-12,91,61,84,47,30.11,29.97,10,3,17,0.0,12.5,0,0,0,0
2016-10-13,89,68,94,51,30.17,30.01,12,2,16,0.17000000178813934,62.5,0,0,1,0
2016-10-14,87,67,100,48,30.21,29.99,14,3,24,0.009999999776482582,62.5,0,0,1,1
2016-10-15,91,71,93,47,30.09,29.91,12,4,21,0.0,62.5,0,0,0,0
2016-10-16,94,75,87,44,30.04,29.85,14,5,20,0.0,50.0,0,0,0,0
2016-10-17,94,74,93,44,29.94,29.74,12,6,23,0.0,50.0,0,0,0,0
2016-10-18,93,75,87,47,29.91,29.8,13,6,22,0.0,62.5,0,0,0,0
2016-10-19,92,75,94,47,30.01,29.87,12,5,18,0.0,50.0,0,0,0,0
2016-10-20,83,65,93,26,30.22,29.93,17,7,29,0.0,37.5,0,0,0,0
2016-10-21,77,53,71,28,30.31,30.16,9,3,15,0.0,0.0,0,0,0,0
2016-10-22,80,47,86,27,30.24,30.1,9,2,16,0.0,0.0,0,0,0,0
2016-10-23,84,55,86,39,30.22,30.11,13,3,19,0.009999999776482582,0.0,1,0,1,0
2016-10-24,86,67,93,48,30.25,30.15,10,4,16,0.009999999776482582,12.5,0,0,0,0
2016-10-25,86,67,100,44,30.23,30.07,10,3,17,0.0,50.0,0,0,0,0
2016-10-26,87,64,93,44,30.18,30.04,10,2,14,0.0,37.5,0,0,0,0
2016-10-27,88,64,93,43,30.23,30.12,9,3,14,0.0,12.5,0,0,0,0
2016-10-28,86,61,90,44,30.23,30.09,12,2,16,0.0,12.5,0,0,0,0
2016-10-29,86,64,93,42,30.19,30.06,12,2,21,0.0,37.5,0,0,0,0
2016-10-30,87,65,100,34,30.18,30.07,10,2,14,0.0,0.0,0,0,0,0
2016-10-31,86,60,100,44,30.13,29.96,12,3,17,0.0,37.5,0,0,0,1
2016-11-01,91,71,100,44,30.04,29.9,15,5,22,0.33000001311302185,75.0,1,0,1,0
2016-11-02,88,73,100,55,30.15,29.99,12,6,17,0.009999999776482582,75.0,0,0,1,0
2016-11-03,80,68,93,74,30.25,30.11,16,5,25,1.0700000524520874,87.5,1,0,1,1
2016-11-04,73,68,93,84,30.3,30.2,8,4,11,0.0,87.5,0,0,0,0
2016-11-05,72,63,100,81,30.27,30.14,7,2,12,0.23999999463558197,87.5,0,0,1,0
2016-11-06,76,59,93,76,30.19,30.07,12,2,20,0.07000000029802322,75.0,0,0,1,0
2016-11-07,71,61,100,87,30.14,30.04,7,2,12,0.07999999821186066,87.5,0,0,1,0
2016-11-08,69,62,100,84,30.21,30.09,10,4,16,0.49000000953674316,87.5,1,0,1,0
2016-11-09,65,60,100,87,30.29,30.18,10,6,17,0.17000000178813934,100.0,0,0,1,0
2016-11-10,71,56,90,53,30.34,30.25,8,3,12,0.0,25.0,0,0,0,0
2016-11-11,74,55,100,57,30.31,30.17,8,2,12,0.009999999776482582,37.5,0,0,1,0
2016-11-12,77,57,93,50,30.28,30.17,9,4,13,0.0,25.0,0,0,0,0
2016-11-13,76,54,93,57,30.27,30.12,7,2,12,0.0,12.5,0,0,0,0
2016-11-14,82,56,100,48,30.15,30.0,9,2,16,0.0,25.0,0,0,0,1
2016-11-15,86,59,87,32,30.11,30.0,8,2,14,0.0,0.0,0,0,0,0
2016-11-16,86,55,86,30,30.03,29.91,9,3,18,0.0,0.0,0,0,0,0
2016-11-17,82,58,100,47,29.96,29.81,15,7,26,0.0,50.0,0,0,0,0
2016-11-18,79,52,90,34,30.47,29.9,17,7,29,0.009999999776482582,62.5,0,0,1,0
2016-11-19,63,41,67,25,30.63,30.48,13,5,22,0.0,0.0,0,0,0,0
2016-11-20,67,35,85,24,30.48,30.21,10,2,15,0.0,0.0,0,0,0,0
2016-11-21,77,44,84,43,30.19,29.99,13,5,21,0.0,0.0,0,0,0,0
2016-11-22,76,62,97,69,29.98,29.86,13,5,23,0.49000000953674316,100.0,1,0,1,0
2016-11-23,73,51,100,41,30.21,29.96,14,3,24,0.12999999523162842,37.5,0,0,1,0
2016-11-24,76,46,93,46,30.26,30.12,8,1,12,0.0,12.5,0,0,0,0
2016-11-25,66,55,97,77,30.4,30.2,10,4,14,0.029999999329447746,75.0,0,0,1,0
2016-11-26,70,53,83,55,30.4,30.19,7,2,9,0.0,62.5,0,0,0,0
2016-11-27,76,56,86,64,30.18,29.68,14,6,26,0.0,87.5,0,0,0,0
2016-11-28,79,51,84,21,29.65,29.52,17,6,28,0.0,37.5,0,0,0,0
2016-11-29,79,49,80,25,29.81,29.59,8,3,12,0.0,25.0,0,0,0,0
2016-11-30,67,42,66,24,30.12,29.84,13,4,20,0.0,0.0,0,0,0,0
2016-12-01,69,37,85,27,30.16,30.01,12,3,16,0.0,0.0,0,0,0,0
2016-12-02,64,51,90,63,30.11,30.01,10,4,17,0.2199999988079071,87.5,0,0,1,0
2016-12-03,52,49,100,89,30.04,29.86,12,6,21,1.2899999618530273,100.0,0,0,1,0
2016-12-04,53,49,93,83,30.07,29.93,13,6,19,0.3700000047683716,100.0,0,0,1,0
2016-12-05,52,47,100,89,30.01,29.77,10,3,17,0.6299999952316284,87.5,0,0,1,0
2016-12-06,58,43,100,67,30.09,29.79,17,4,27,0.0,50.0,0,0,0,1
2016-12-07,56,39,100,72,30.26,30.04,13,3,19,0.0,62.5,0,0,0,0
2016-12-08,52,36,83,52,30.68,30.27,21,10,32,0.0,87.5,0,0,0,0
2016-12-09,46,33,56,34,30.69,30.52,12,5,18,0.0,87.5,0,0,0,0
2016-12-10,52,35,96,54,30.51,30.2,9,3,15,0.0,87.5,0,0,0,0
2016-12-11,67,50,100,81,30.18,29.92,14,4,25,0.019999999552965164,87.5,0,0,1,1
2016-12-12,67,46,93,52,30.12,29.96,10,3,17,0.0,12.5,0,0,0,0
2016-12-13,77,50,100,46,30.13,29.93,14,4,22,0.0,62.5,0,0,0,0
2016-12-14,57,43,89,66,30.31,30.13,12,4,17,0.0,62.5,0,0,0,0
2016-12-15,54,45,92,63,30.42,30.16,12,5,20,0.0,100.0,0,0,0,0
2016-12-16,67,51,96,68,30.14,29.81,12,5,21,0.0,100.0,0,0,0,0
2016-12-17,76,34,100,59,30.19,29.65,21,6,35,0.0,87.5,0,0,0,0
2016-12-18,37,26,58,38,30.67,30.25,21,12,35,0.0,50.0,0,0,0,0
2016-12-19,45,23,59,24,30.76,30.6,13,5,21,0.0,12.5,0,0,0,0
2016-12-20,59,35,59,20,30.59,30.3,7,2,11,0.0,62.5,0,0,0,0
2016-12-21,71,43,55,27,30.29,30.1,12,4,19,0.0,0.0,0,0,0,0
2016-12-22,68,50,63,32,30.35,30.18,12,4,19,0.0,25.0,0,0,0,0
2016-12-23,68,52,100,47,30.22,30.0,7,1,10,0.009999999776482582,100.0,0,0,1,1
2016-12-24,78,65,100,69,30.08,29.96,17,7,28,0.009999999776482582,100.0,0,0,0,0
2016-12-25,80,68,90,58,30.01,29.85,17,9,32,0.0,87.5,0,0,0,0
2016-12-26,84,70,93,55,30.24,29.99,12,4,20,0.009999999776482582,75.0,0,0,1,0
2016-12-27,76,62,97,46,30.27,30.14,7,1,11,0.009999999776482582,75.0,0,0,0,0
2016-12-28,83,62,93,51,30.15,29.96,12,3,20,0.0,62.5,0,0,0,0
2016-12-29,70,49,84,18,30.53,30.08,18,9,30,0.0,0.0,0,0,0,0
2016-12-30,55,49,48,27,30.51,30.09,12,4,16,0.009999999776482582,75.0,0,0,0,0
2016-12-31,77,51,90,50,30.06,29.76,10,3,18,0.009999999776482582,62.5,0,0,1,0
