station_id,name,address,lat,lon,datetime
1,2nd & Congress,"151 E. 2nd St, Austin, TX 78701",30.26408,-97.74355,2016-04-01 00:00:00
2,4th & Congress,"120 W. 4th St., Austin, TX 78701",30.26634,-97.74378,2016-04-01 00:00:00
3,8th & Congress,"111 E. 8th St., Austin, TX 78701",30.2698,-97.74186,2016-04-01 00:00:00
4,Capitol Station / Congress & 11th,"1090 Congress Ave., Austin, TX 78701",30.2726,-97.74127,2016-04-01 00:00:00
5,City Hall / Lavaca & 2nd,"Presented by Graves Dougherty Hearon & Moody, Austin, TX 78701",30.26476,-97.74678,2016-04-01 00:00:00
6,5th & Bowie,"Presented by Whole Foods Market, Austin, TX 78703",30.2696,-97.75332,2016-04-01 00:00:00
7,Barton Springs & Riverside,"400 Barton Springs Rd., Austin, TX 78704",30.2587,-97.74872,2016-04-01 00:00:00
8,South Congress & James,"Presented by The Austin Chronicle, Austin, TX 78704",30.25103,-97.74926,2016-04-01 00:00:00
9,South Congress & Elizabeth,"101 Elizabeth St. W, Austin, TX 78704",30.24891,-97.75019,2016-04-01 00:00:00
10,Waller & 6th St.,"602 Waller St., Austin, TX 78702",30.26461,-97.73049,2016-04-01 00:00:00
11,West & 6th St.,"603 West Ave., Austin, TX 78701",30.27041,-97.75046,2016-04-01 00:00:00
12,Bullock Museum @ Congress & MLK,"1881 Congress Ave., Austin, TX 78701",30.28039,-97.73809,2016-04-01 00:00:00
13,Convention Center / 3rd & Trinity,"212 Trinity, Austin, TX 78701",30.26426,-97.74023,2016-04-01 00:00:00
14,17th & Guadalupe,"411 W. 17th St., Austin, TX 78701",30.27974,-97.74254,2016-04-01 00:00:00
15,State Capitol @ 14th & Colorado,"206 W. 14th St., Austin, TX 78701",30.27654,-97.74155,2016-04-01 00:00:00
16,Plaza Saltillo,"1501 E. 5th St., Austin , TX 78702",30.26217,-97.72743,2016-04-01 00:00:00
17,East 6th & Pedernales St.,"2498 E. 6th St., Austin, TX 78702",30.25895,-97.71475,2016-04-01 00:00:00
18,ACC - West & 12th Street,"1231 West Ave., Austin, TX 78701",30.27624,-97.74831,2016-04-01 00:00:00
19,Guadalupe & 21st,"2100 Guadalupe St., Austin, TX 78752",30.28395,-97.74198,2016-04-01 00:00:00
20,UT West Mall @ Guadalupe,"2242 Guadalupe St., Austin, TX 78705",30.28576,-97.74181,2016-04-01 00:00:00
21,Long Center @ South 1st & Riverside,"Presented by Austin Energy, Austin, TX 78704",30.25941,-97.74971,2016-04-01 00:00:00
22,Republic Square @ Guadalupe & 4th St.,"Presented by Austin Ventures, Austin, TX 78701",30.26774,-97.74692,2016-04-01 00:00:00
23,3rd & West,"652 W. 3rd St, Austin, TX 78703",30.2678,-97.75189,2016-04-01 00:00:00
24,State Capitol Visitors Garage @ San Jacinto & 12th,"1201 San Jacinto Blvd., Austin, TX 78701",30.27336,-97.73805,2016-04-01 00:00:00
25,San Jacinto & 8th Street,"782 San Jacinto Blvd., Austin, TX 78701",30.26912,-97.73986,2016-04-01 00:00:00
26,Davis at Rainey Street,"698 Davis St., Austin, TX 78701",30.26019,-97.73845,2016-04-01 00:00:00
27,5th & San Marcos,"991 East 5th , Austin, TX 78702",30.26416,-97.73289,2016-04-01 00:00:00
28,Trinity & 6th Street,"606 Trinity Street, Austin, TX 78705",30.26735,-97.73933,2016-04-01 00:00:00
29,Pfluger Bridge @ W 2nd Street,"Presented by Austin Parks Foundation, Austin, TX 78703",30.26717,-97.75484,2016-04-01 00:00:00
30,Palmer Auditorium,"900 Barton Springs Rd., Austin, TX 78704",30.25971,-97.75346,2016-04-01 00:00:00
31,East 11th St. at Victory Grill,"1106 E. 11th St., Austin, TX 78702",30.26896,-97.72843,2016-04-01 00:00:00
32,East 11th St. & San Marcos,"1001 E. 11th St., Austin, TX 78702",30.26968,-97.73074,2016-04-01 00:00:00
33,South Congress & Academy,"1199 S. Congress Ave., Austin, TX 78704",30.25226,-97.74854,2016-04-01 00:00:00
34,Red River & 8th Street,"761 Red River St., Austin, TX 78701",30.26854,-97.73646,2016-04-01 00:00:00
35,Barton Springs Pool,"2200 William Barton Dr., Austin, TX 78746",30.26452,-97.7712,2016-04-01 00:00:00
36,Zilker Park,"Barton Springs & William Barton Drive, Austin, TX 78746",30.2659,-97.76822,2016-04-01 00:00:00
37,Riverside @ S. Lamar,"Presented by Austin Parks Foundation, Austin, TX 78704",30.26446,-97.75665,2016-04-01 00:00:00
38,Rainey St @ Cummings,"1 Rainey St, Austin, TX 78701",30.25579,-97.73982,2016-04-01 00:00:00
39,Barton Springs @ Kinney Ave,"1530 Barton Springs Road, Austin, TX 78704",30.262,-97.76118,2016-04-01 00:00:00
40,East 6th at Robert Martinez,"2120 East 6th St, Austin, TX 78702",30.26032,-97.71899,2016-04-01 00:00:00
41,Capital Metro HQ - East 5th at Broadway,"2910 E 5th St, Austin, TX 78702",30.2563,-97.71007,2016-04-01 00:00:00
42,11th & San Jacinto,"310 E. 11th St., Austin, TX 78701",30.27193,-97.73854,2016-04-01 00:00:00
43,East 4th & Chicon,"1819 East 4th St., Austin, TX 78702",30.25968,-97.72308,2016-04-01 00:00:00
44,East 2nd & Pedernales,"2414 E 2nd St, Austin, TX 78702",30.25542,-97.71665,2016-04-01 00:00:00
45,Lavaca & 6th,"601 Lavaca St., Austin, TX 78701",30.26889,-97.74523,2016-04-01 00:00:00
46,MoPac Pedestrian Bridge @ Veterans Drive,"2105 Veterans Dr., Austin, TX 78703",30.27466,-97.77028,2016-04-01 00:00:00
47,East 7th & Pleasant Valley,"2772 E 7th, Austin, TX 78702",30.26025,-97.71002,2016-04-01 00:00:00
48,Brazos & 6th,"584 Brazos St., Austin, TX 78701",30.26754,-97.74154,2016-04-01 00:00:00
49,Republic Square,"Federal Courthouse Plaza, Austin, TX 78701",30.26753,-97.74805,2016-05-20 12:15:00
50,Pease Park,"1155 Kingsbury St, Austin, TX 78705",30.28118,-97.75219,2016-05-31 14:10:00
